Score,Código CA,Nombre,Descripcion,Organismo,Dirección Entrega,Estado,Fecha Publicación,Fecha Cierre,Fecha Cierre 2do Llamado,Productos,Proveedores,Favorito,Ofertada
10,909103-52-COT25,E1O2RT9-SIRE N° 221-MATERIALES DE FERRETERIA OAP.,"MATERIALES DE FERRETERIA PARA MANTENCION Y REPARACION DE INMUEBLE, OAP.",CORP NACIONAL FORESTAL,"CARLOS ACHARAN N° 263, PANGUIPULLI",OC Emitida,2025-11-11,2025-11-12 17:00:00,,"[{'codigo_producto': 31211701, 'nombre': 'Esmaltes', 'descripcion': 'Se solicita cotización de materiales de ferretería según listado adjunto.  ', 'cantidad': 1, 'unidad_medida': 'EA'}]",,False,False
10,902-70-COT25,"Compra de Materiales de Construcción Barrera Las Trancas, SAG Curicó.-",,SERVICIO AGRICOLA Y GANADERO,,Publicada,2025-11-11,2025-11-14 14:00:00,,,,False,False
10,2731-1159-COT25, S.C. N°05-465_Dideco_Reparacion de vivienda_Materiales de construccion,"Adquisicion de materiales de construccion para reparacion de vivienda. Deberá adjuntar a su propuesta el Anexo N°1 y/o la cotización en formato propio que contenga los valores unitarios y toda la información requerida, en caso contrario su oferta no será considerada válida.",I MUNICIPALIDAD DE PENAFLOR,Jaromir Pridal #669,OC Emitida,2025-11-06,2025-11-12 17:09:00,2025-11-12 17:09:00,"[{'codigo_producto': 30171504, 'nombre': 'Puertas de madera', 'descripcion': 'Adquisicion de materiales de construccion, segun especificaciones tecnicas descritas en Anexo N°1 adjunto.', 'cantidad': 1, 'unidad_medida': 'GL'}]",,False,False
5,3767-271-COT25,MATERIAL FERRETERIA LICEO,,I MUNICIPALIDAD DE PELARCO,,Publicada,2025-11-11,2025-11-13 09:00:00,,,,False,False
5,4732-263-COT25,"Adquisición de materiales de ferretería para mejoramientos de áreas verdes, bienes nacionales de uso publico y ampliación de dependencias municipales",,I MUNICIPALIDAD DE CODEGUA,,Publicada,2025-11-11,2025-11-14 09:00:00,,,,False,False
5,1126922-2190-COT25,SALIDA PEDAGÓGICA A FRUTILLAR PARA ESCUELA RURAL COLONIA RIO SUR 11/12,,SERVICIO LOCAL DE EDUCACION PUBLICA DE LLANQUIHUE,,Publicada,2025-11-11,2025-11-14 10:00:00,,,,False,False
5,2904-221-COT25,Adquisición de Insumos de Podología – Municipalidad de Hualaihué,,I MUNICIPALIDAD DE HUALAIHUE,,Publicada,2025-11-11,2025-11-13 12:00:00,,,,False,False
5,2332-1104-COT25,SERVICIO DE MANTENIMIENTO PREVENTIVO SALA DE BOMBA CECOSF ALERCE NORTE,,I MUNICIPALIDAD DE PUERTO MONTT,,Publicada,2025-11-11,2025-11-13 08:00:00,,,,False,False
5,4114-175-COT25,MATERIALES DE CONSTRUCCIÓN PARA JARDINES INFANTILES,,I MUNICIPALIDAD DE CURACAUTIN,,Publicada,2025-11-11,2025-11-13 12:00:00,,,,False,False
5,1079516-445-COT25,ADQUISICIÓN DE MATERIALES DE FERRETERIA PARA TENENCIA ISLA ROBINSON CRUSOE DE LA 2DA. COM. CENTRAL.,,SECCIÓN COMPRAS V ZONA,,Publicada,2025-11-11,2025-11-13 08:00:00,,,,False,False
5,2731-1164-COT25, SC N°05-470_DIDECO_INCLUSIÓN Y DISCAPACIDAD_MATERIALES TALLER MANUALIDADES,,I MUNICIPALIDAD DE PENAFLOR,,Publicada,2025-11-07,2025-11-12 10:04:00,,,,False,False
5,2759-616-COT25,ENMARCADOS SOLICITUD N°793-DIDECO-TALLER MUJERES  Y MUJER EG,,I MUNICIPALIDAD DE CORONEL,,Publicada,2025-11-06,2025-11-16 03:57:00,,,,False,False
5,2585-1648-COT25,"ADQ. COFFE Y COCTEL ORD. N°4436/2025, DEPORTE, DIDECO, IMA GMH ",,I MUNICIPALIDAD DE ARICA,,Publicada,2025-11-11,2025-11-13 12:00:00,,,,False,False
5,2380-2800-COT25,"OS N°145068 - ADQUISICIÓN DE MATERIALES PARA PROG. PREVENCION DE LAS VIOLENCIA DE GENERO, OFICINA MUNICIPAL DE LA MUJER / DIDECO (CTO)",,I MUNICIPALIDAD DE COPIAPO,,Publicada,2025-11-10,2025-11-12 15:45:00,,,,False,False
5,2341-635-COT25,ADQUISICION DE MATERIALES DE FERRETERIA PARA REPARACIONES MENORES Y MATERIAL DE ELECCIONES / SP 138 DAF - Dpto Administrativo / ADQ 795,,I MUNICIPALIDAD DE SAN BERNARDO,,Publicada,2025-11-11,2025-11-12 16:05:00,,,,False,False
5,2585-1612-COT25,"ADQ. ALIMENTOS, ORD. N°4215/2025, CENTRO COMUNITARIOS DE CUIDADOS , DIDECO, IMA, GMH",,I MUNICIPALIDAD DE ARICA,,Publicada,2025-11-08,2025-11-14 04:48:00,,,,False,False
5,1126922-2182-COT25,RBD 22493 SEP PG02 TRASLADO PARA ESCUELA VICENTE PEREZ ROSALES COMUNA FRUTILLAR,,SERVICIO LOCAL DE EDUCACION PUBLICA DE LLANQUIHUE,,Publicada,2025-11-11,2025-11-12 13:00:00,,,,False,False
5,2324-1336-COT25," “08 CREDENCIALES PARA INSPECTORES Y FUNCIONARIOS DE LA DIRECCION DEL MEDIO AMBIENTE, ASEO Y ORNATO / DI.M.A.O – DEPARTAMENTO DE ASEO”",,I MUNICIPALIDAD DE PUERTO MONTT,,Publicada,2025-11-04,2025-11-13 10:15:00,,,,False,False
5,2464-1637-COT25,"ARTICULOS DE FERRETERÍA, OP N°43, SERVICIOS OPERATIVOS ",,I MUNICIPALIDAD DE QUILLOTA,,Publicada,2025-11-11,2025-11-13 08:30:00,,,,False,False
5,2306-1387-COT25," ADQUISICION DE MUSLERAS Y PARES RODILLERA, ESC.DEPORTIVA FONDOS PRORETENCION",,I MUNICIPALIDAD DE OSORNO,,Publicada,2025-11-11,2025-11-13 12:00:00,,,,False,False
5,2585-1638-COT25,"ORD N°3914, ADQ. ESCANER, PROG. CALLE 2023, DIDECO, IMA, CRC",,I MUNICIPALIDAD DE ARICA,,Publicada,2025-11-11,2025-11-12 15:00:00,,,,False,False
5,2495-624-COT25,SE REQUIERE COMPRA DE ALIMENTOS PARA JORNADA DE ATENCIÓN PROGRAMA LAWEN EN LOCALIDAD RURAL,,I MUNICIPALIDAD DE COYHAIQUE,,Publicada,2025-11-11,2025-11-12 15:00:00,,,,False,False
5,1736-1331-COT25,"Arriendo de buses, según memorándum N°800/539 SC 1453 y N°800/543 SC 1452 de DIDECO",,I MUNICIPALIDAD DE LA COMUNA DE EL BOSQUE,,Publicada,2025-11-11,2025-11-12 10:30:00,,,,False,False
5,3853-495-COT25,Lavaojos de emergencia portátil,,I MUNICIPALIDAD DE RIO BUENO,,Publicada,2025-11-11,2025-11-12 11:00:00,,,,False,False
5,612-245-COT25,Computador Mini o Tiny con Monitor para controlar Video Wall,,SERVICIO AGRICOLA Y GANADERO,,Publicada,2025-11-06,2025-11-12 14:23:00,,,,False,False
5,1301-51-COT25,NEUMATICOS AT 245/45 R16,,CORP NACIONAL FORESTAL,,Publicada,2025-11-11,2025-11-14 09:00:00,,,,False,False
5,3617-79-COT25,Servicio de limpieza fosa séptica en Monumento Natural Cueva del Milodón,,CORP NACIONAL FORESTAL,,Publicada,2025-11-11,2025-11-12 12:00:00,,,,False,False
5,2713-1213-COT25, DIDECO - Desarrollo Económico Local - 1346 - Servicios de catering y de alimentos,,I MUNICIPALIDAD DE AYSEN,,Publicada,2025-11-11,2025-11-12 13:00:00,,,,False,False
5,2436-1477-COT25,"ADQUISICIÓN DE LITROS DE BENCINA, NECESARIO PARA MAQUINARIAS JARDINERIA",,I MUNICIPALIDAD DE CURICO,,Publicada,2025-11-11,2025-11-12 12:00:00,,,,False,False
5,2495-625-COT25,Toldo Centro de las Mujeres,,I MUNICIPALIDAD DE COYHAIQUE,,Publicada,2025-11-11,2025-11-12 16:00:00,,,,False,False
5,3707-668-COT25,ADQUISICIÓN DE MATERIALES DE CONSTRUCCIÓN SOLICITADO POR ENCARGADA DE PROGRAMA QUIERO MI BARRIO,,I MUNICIPALIDAD DE LA HIGUERA,,Publicada,2025-11-11,2025-11-12 15:50:00,,,,False,False
5,4044-716-COT25,COMPRA DE INSUMOS PARA REALIZACION DE TALLERES - MONTO DE LA COMPRA INCLUYE FLETE PUESTO EN ISLA DE PASCUA - SOLICITA DIDECO,,I MUNICIPALIDAD DE ISLA DE PASCUA,,Publicada,2025-11-11,2025-11-13 06:00:00,,,,False,False
5,966131-69-COT25,CONTRATACIÓN ARRIENDO VALLAS PAPALES,,I MUNICIPALIDAD DE CASTRO,,Publicada,2025-11-11,2025-11-13 12:00:00,,,,False,False
5,5651-103-COT25,SICR 198-2025 Sillas de Escritorio,,CORP NACIONAL FORESTAL,,Publicada,2025-11-11,2025-11-18 09:40:00,,,,False,False
5,2324-1376-COT25,"SERVICIOS DE IMPRESIÓN, MAQUETAS 3D, PANELES Y PENDONES PARA EXPO PM 2025, SECPLAN",,I MUNICIPALIDAD DE PUERTO MONTT,,Publicada,2025-11-11,2025-11-13 11:45:00,,,,False,False
5,2332-1101-COT25,SUMINISTRO DE MOTOBOMBA PARA TRASVASIJE DE AGUA,,I MUNICIPALIDAD DE PUERTO MONTT,,Publicada,2025-11-11,2025-11-14 08:00:00,,,,False,False
5,2307-664-COT25, JUEGOS PARA PROG. RBC (REQ. 3109) AAL,,I MUNICIPALIDAD DE OSORNO,,Publicada,2025-11-11,2025-11-14 10:00:00,,,,False,False
5,1250331-41-COT25,"CPF ARICA, COMPRA DE ARTICULOS DE JARDINERIA.",,Direc.Reg.Arica y Parinacota,,Publicada,2025-11-07,2025-11-14 05:21:00,,,,False,False
5,1301-52-COT25, MATERIALES Y UTILES DE ASEO PARA BRIGADAS DE INCENDIOS FORESTALES PROVINCIA DE LLANQUIHUE  ,,CORP NACIONAL FORESTAL,,Publicada,2025-11-11,2025-11-13 18:00:00,,,,False,False
5,1126922-2193-COT25,SALIDA PEDAGÓGICA PARA ESCUELA RURAL EPSON DE ENSENADA,,SERVICIO LOCAL DE EDUCACION PUBLICA DE LLANQUIHUE,,Publicada,2025-11-11,2025-11-14 10:00:00,,,,False,False
5,2332-1103-COT25,N° 6438 Artículos de escritorio y didácticos de librería,,I MUNICIPALIDAD DE PUERTO MONTT,,Publicada,2025-11-11,2025-11-13 17:00:00,,,,False,False
5,1036-59-COT25,SERVICIO DE HABILITACIÓN DE OFICINA DEBOC Y TABIQUERIA DE BODEGA ,,CORP NACIONAL FORESTAL,,Publicada,2025-11-11,2025-11-14 12:00:00,,,,False,False
5,765973-11-COT25,14° JUZGADO DE GARANTIA DE SANTIAGO,,14° Juzgado de Garantia de Santiago,,Publicada,2025-11-11,2025-11-14 14:00:00,,,,False,False
5,2585-1636-COT25,"ORD N°4451, ADQ. PIZARRAS, PROG. QUIERO MI BARRIO, DIDECO, IMA, CRC.",,I MUNICIPALIDAD DE ARICA,,Publicada,2025-11-11,2025-11-14 08:30:00,,,,False,False
5,2211-1564-COT25,LIENZOS SOL 602 DIDECO (DEPORTES),,I MUNICIPALIDAD DE LIMACHE,,Publicada,2025-11-10,2025-11-12 13:50:00,,,,False,False
5,2464-1629-COT25,"ARTÍCULOS DE FERRETERÍA, OP N°48, MEDI AMBIENTE ",,I MUNICIPALIDAD DE QUILLOTA,,Publicada,2025-11-11,2025-11-12 12:00:00,,,,False,False
5,2495-622-COT25,SE REQUIERE LA COMPRA DE FRASCOS DE VIDRIO PARA EL PROGRAMA LAWEN,,I MUNICIPALIDAD DE COYHAIQUE,,Publicada,2025-11-11,2025-11-12 15:00:00,,,,False,False
5,2432-1220-COT25,SOL976-DIDECO-MEMORIA RAM-PROGRAMA CALLE.,,I MUNICIPALIDAD ESTACION CENTRAL,,Publicada,2025-11-11,2025-11-12 13:00:00,,,,False,False
5,1126922-2180-COT25,COLACIONES PARA SALIDAS PEDAGÓGICAS PARA COLEGIO CNB ARTÍSTICO,,SERVICIO LOCAL DE EDUCACION PUBLICA DE LLANQUIHUE,,Publicada,2025-11-11,2025-11-14 10:00:00,,,,False,False
5,2328-1281-COT25,ADQUISICION DE CORTINAS AUDITORIO LICEO COMERCIAL MIRAMAR DEPENDIENTE DEL DAEM DE PUERTO MONTT,,I MUNICIPALIDAD DE PUERTO MONTT,,Publicada,2025-11-07,2025-11-15 13:26:00,,,,False,False
5,904-21-COT25,"Curso para la obtención de credenciales para Operadores de RPAS para el SAG, Región de Atacama",,SERVICIO AGRICOLA Y GANADERO,,Publicada,2025-11-11,2025-11-17 10:00:00,,,,False,False
5,2424-3442-COT25,KIT MATERIALES DE CONSTRUCCION/P82/6230/CRV,,I MUNICIPALIDAD DE VINA DEL MAR,,Publicada,2025-11-11,2025-11-12 11:35:00,,,,False,False
5,1126922-2174-COT25,MANTENCIONES VARIAS EN ESTABLECIMIENTOS DE LA COMUNA DE FRUTILLAR.-,,SERVICIO LOCAL DE EDUCACION PUBLICA DE LLANQUIHUE,,Publicada,2025-11-11,2025-11-12 11:00:00,,,,False,False
5,3232-349-COT25,INSUMOS DE FERRETERIA MANTENCION BORDE COSTERO - SC N°83663 DOAL,,I MUNICIPALIDAD DE SANTO DOMINGO,,Publicada,2025-11-11,2025-11-13 15:00:00,,,,False,False
5,3776-262-COT25,Adquisición de materiales de ferretería.-,,I MUNICIPALIDAD DE HIJUELAS,,Publicada,2025-11-11,2025-11-12 14:00:00,,,,False,False
5,2713-1215-COT25,ALIMENTOS Y OTROS. FOLIO 1375 DIDECO. PRODESAL,"COTIZACIÓN DE :ALIMENTOS Y OTROS. LOS COSTOS DE TRASLADOS A PUERTO AYSÉN O PUERTO AGUIRRE SERÁN DEL OFERENTE. EL PLAZO DE ENTREGA SERÁN DE 10 DÍA HÁBIL, DE LO CONTRARIO SE DESCARTARAN.EL PROVEEDOR QUE NO INDIQUE EL PLAZO DE ENTREGA SE DESCARTARA SU COTIZACIÓN. OFERENTE DEBE INCLUIR FLETES EN EL PRECIO DEL PRODUCTO.EN CASO DE EMPATE DE PRECIOS EL GANADOR SERA EL PRIMERO QUE OFERTO EN PLATAFORMA.",I MUNICIPALIDAD DE AYSEN,DELEGACION MUNICIPAL EN PUERTO AGUIRRE O EN DIDECO PTO.AYSEN CALLE TTE MERINO 630,Publicada,2025-11-11,2025-11-14 16:00:00,2025-11-17 16:36:00,"[{'codigo_producto': 10101511, 'nombre': 'Cerdos', 'descripcion': 'Unidades de costillar de cerdo sellado al vacío, 1.5 Kg Aprox. “Super Cerdo” o similar', 'cantidad': 4, 'unidad_medida': 'EA'}, {'codigo_producto': 14111703, 'nombre': 'Toallas de papel', 'descripcion': 'Unidad de toalla de papel, 70 mts o 130 hojas “Nova” o similar', 'cantidad': 1, 'unidad_medida': 'EA'}, {'codigo_producto': 52151504, 'nombre': 'Tazas o vasos desechables domésticos', 'descripcion': 'Vasos plásticos desechables blancos o de colores, 300 mL', 'cantidad': 30, 'unidad_medida': 'EA'}, {'codigo_producto': 50111511, 'nombre': 'Carne de ave o carne congelada', 'descripcion': 'Unidades de pechuga de pollo envasada deshuesada, cada una de 850 gramos. “Super Pollo” o similar', 'cantidad': 7, 'unidad_medida': 'EA'}, {'codigo_producto': 52151502, 'nombre': 'Platos desechables domésticos', 'descripcion': 'Unidades de platos bajos desechables (plásticos), blanco o de colores', 'cantidad': 30, 'unidad_medida': 'EA'}, {'codigo_producto': 52151704, 'nombre': 'Cucharas domésticas', 'descripcion': 'Unidades de cucharas chicas plásticas (desechables)', 'cantidad': 30, 'unidad_medida': 'EA'}, {'codigo_producto': 50193002, 'nombre': 'Bebidas Infantiles', 'descripcion': 'Botella desechable de bebida de 3 Lt c/u, Coca- cola, Fanta, Sprite u otras', 'cantidad': 4, 'unidad_medida': 'EA'}, {'codigo_producto': 52151703, 'nombre': 'Tenedores domésticos', 'descripcion': 'Unidades de tenedores desechables (plásticos)', 'cantidad': 30, 'unidad_medida': 'EA'}, {'codigo_producto': 10151512, 'nombre': 'Semillas o almácigos de lechuga', 'descripcion': 'Unidades de lechuga costina envasada “Dole” o similar', 'cantidad': 3, 'unidad_medida': 'EA'}, {'codigo_producto': 52152101, 'nombre': 'Tazas de café o té domésticas', 'descripcion': 'Tazas de cerámica o porcelana de 300 mL, colores sobrios (azul, negro, blanco)', 'cantidad': 15, 'unidad_medida': 'EA'}, {'codigo_producto': 50192111, 'nombre': 'Charqui u otras carnes secas o procesadas', 'descripcion': 'Paquete de salchichas o vienesas de 1 Kg (20 UND.), “Receta del Abuelo” o similar', 'cantidad': 2, 'unidad_medida': 'PK'}, {'codigo_producto': 50181901, 'nombre': 'Pan fresco', 'descripcion': 'kilos de pan corriente hallulla, a granel', 'cantidad': 2, 'unidad_medida': 'KGM'}]",,False,False
5,2713-1216-COT25,"DIDECO/OF. ADULTO MAYOR, SERVICIO DE PRODUCCION GRUPO MUSICAL, FOLIO 1376",,I MUNICIPALIDAD DE AYSEN,,Publicada,2025-11-11,2025-11-13 08:30:00,,,,False,False
5,2902-120-COT25,ADQUISICIÓN INSUMOS- ESCUELA ANTUPIRÉN ,,I MUNICIPALIDAD DE HUALAIHUE,,Publicada,2025-11-11,2025-11-14 11:00:00,,,,False,False
5,2859-1555-COT25,"Adquisicion de materiales de construccion,terminaciones y accesorios necesarios para la ejecucion de trabajos menores de cierre, pintura y habilitacion de espacios en distintas  dependencias de  UDA",,UNIVERSIDAD DE ATACAMA,,Publicada,2025-11-11,2025-11-12 18:00:00,,,,False,False
5,2134-40-COT25, Flete Bandejas de plantas vacías,,CORP NACIONAL FORESTAL,,Publicada,2025-11-11,2025-11-12 14:30:00,,,,False,False
5,2281-2331-COT25,EQUIPAMIENTO COCINA PAI-PR CASA ALMA,,I MUNICIPALIDAD VALDIVIA,,Publicada,2025-11-11,2025-11-17 09:00:00,,,,False,False
5,434-612-COT25,"MEDICAMENTOS E INSUMOS VETERINARIOS, SEGÚN MEMO N°435 DIDEL DDR",,I MUNICIPALIDAD DE CAUQUENES,,Publicada,2025-11-11,2025-11-12 17:00:00,,,,False,False
5,3833-893-COT25,TINTAS-SECRETARIA MUNICIPAL,,I MUNICIPALIDAD DE RIO BUENO,,Publicada,2025-11-11,2025-11-13 10:00:00,,,,False,False
5,4201-741-COT25,MATERIALES PARA HABILITAR OFICINA DE DIDECO,,I MUNICIPALIDAD DE CURACAVI,,Publicada,2025-11-11,2025-11-12 16:45:00,,,,False,False
5,450-443-COT25,ARTÍCULOS DE ESCRITORIO. RED LOCAL DE APOYOS Y CUIDADOS. DEPARTAMENTO SOCIAL.,,I MUNICIPALIDAD DE RIO NEGRO,,Publicada,2025-11-11,2025-11-12 13:30:00,,,,False,False
5,2211-1570-COT25,MATERIAL DE ASEO SOL 606 DIDECO (CENTRO INCLUSIVO DE DIVERSIDAD) ,,I MUNICIPALIDAD DE LIMACHE,,Publicada,2025-11-11,2025-11-12 11:50:00,,,,False,False
5,3853-498-COT25,"Adquisición de Juegos Didácticos para el ""Programa Chile Crece Contigo""",,I MUNICIPALIDAD DE RIO BUENO,,Publicada,2025-11-11,2025-11-12 17:00:00,,,,False,False
5,2904-222-COT25,Servicio audiovisual; Servicio de Amplificación -  Aniversario Unión Comunal de Adultos Mayores 2025.,,I MUNICIPALIDAD DE HUALAIHUE,,Publicada,2025-11-11,2025-11-12 16:40:00,,,,False,False
5,2500-112-COT25,Cuidado de equipos Municipales - jornada integradora,,I MUNICIPALIDAD DE COYHAIQUE,,Publicada,2025-11-11,2025-11-12 10:30:00,,,,False,False
5,3516-708-COT25,ADQUISICION DE MATERIALES PARA MANTENIMIENTO Y MANTENCION DE EDIFICIO DE DIDECO Y ESTADIO MUNICIPAL,,I MUNICIPALIDAD DE CARAHUE,,Publicada,2025-11-06,2025-11-16 04:46:00,,,,False,False
5,2297-1619-COT25, MATERIALES DE LIBRERIA,,I MUNICIPALIDAD DE OSORNO,,Publicada,2025-11-06,2025-11-12 16:40:00,,,,False,False
5,4922-527-COT25,INSUMOS VETERINARIOS DEPARTAMENTO RURAL,,I MUNICIPALIDAD DE FUTRONO,,Publicada,2025-11-11,2025-11-12 15:00:00,,,,False,False
5,2583-932-COT25,SOPE 517/ADQUISICION DE LICENCIA PARA ENTRETENIMIENTO AUDIOVISUAL/DIDECO / DEPARTAMENTO DE CULTURA/CFM.,,I MUNICIPALIDAD DE MAIPU,,Publicada,2025-11-11,2025-11-13 10:00:00,,,,False,False
5,2686-558-COT25,ADQUISICION DE TEMPERAS Y ARTICULOS DE FERRETERIA,,I MUNICIPALIDAD DE COLINA,,Publicada,2025-11-06,2025-11-12 09:12:00,,,,False,False
5,2380-2834-COT25,"OS N°145228 / ADQUISICIÓN DE TORTA PARA CONMEMORACION DE ANIVERSARIO N°13 ""CLUB DE ADULTO MAYOR LOS CRISOLES DE UN MUNDO MEJOR"", DA N°2980 COPIAPO DE MOV - DIDECO (CTO)",,I MUNICIPALIDAD DE COPIAPO,,Publicada,2025-11-11,2025-11-12 17:30:00,,,,False,False
5,2552-13-COT25,Materiales y Productos Agropecuarios para labores referentes a control de plagas y producción de plantas en  Vivero Regional Illapel de CONAF SIC 57,,CORP NACIONAL FORESTAL,,Publicada,2025-11-11,2025-11-14 13:00:00,,,,False,False
5,1092-54-COT25,SIC 235 SIRE 193 Gasolina 93 octanos,,CORP NACIONAL FORESTAL,,Publicada,2025-11-07,2025-11-14 08:37:00,,,,False,False
5,3934-30-COT25,MATERIAL DE DIFUSION TELESALUD ,,I MUNICIPALIDAD DE FREIRE,,Publicada,2025-11-11,2025-11-14 14:00:00,,,,False,False
5,2500-114-COT25,Espacio de Bienestar Laboral,,I MUNICIPALIDAD DE COYHAIQUE,,Publicada,2025-11-11,2025-11-14 15:00:00,,,,False,False
5,4548-750-COT25,DIDECO - PULSERAS DE PAPEL RESISTENTE AL AGUA,,I MUNICIPALIDAD DE QUINTERO,,Publicada,2025-11-11,2025-11-13 09:30:00,,,,False,False
5,2306-1388-COT25," ADQUISICION DE SALIDA CANCHA ESC.DEPORTIVA,FONDOS PRO RETENCION",,I MUNICIPALIDAD DE OSORNO,,Publicada,2025-11-11,2025-11-13 12:00:00,,,,False,False
5,4996-131-COT25,Indumentaria Personal - 444 - Programa Familias DIDECO,,I MUNICIPALIDAD DE SAN PEDRO DE ATACAMA,,Publicada,2025-11-06,2025-11-13 09:00:00,,,,False,False
5,2332-1099-COT25,N° 6386 APOSITO BACTERIOSTATICO (INHIBIDOR DE BACTERIAS) QUE CONTENGA DACC O PHMB LAMINA 10 X10CM CPU,,I MUNICIPALIDAD DE PUERTO MONTT,,Publicada,2025-11-11,2025-11-13 09:00:00,,,,False,False
5,2730-428-COT25,adquisición de insumos de librería ( Antecedentes de lo solicitado archivo adjunto). ,,I MUNICIPALIDAD DE CASTRO,,Publicada,2025-11-11,2025-11-13 09:00:00,,,,False,False
5,1126922-2194-COT25,SALIDAS PEDAGÓGICAS VARIAS PARA COLEGIO CNB ARTÍSTICO,,SERVICIO LOCAL DE EDUCACION PUBLICA DE LLANQUIHUE,,Publicada,2025-11-11,2025-11-14 10:00:00,,,,False,False
5,2450-877-COT25,ADQUISICIÒN DE PRODUCTOS ALIMENTARIOS DE SUPERMERCADO (Dideco - Adulto Mayor) I. M. LA SERENA.,,I MUNICIPALIDAD DE LA SERENA,,Publicada,2025-11-11,2025-11-13 08:45:00,,,,False,False
5,2328-1306-COT25,ADQUISICION INSUMOS Y ACCESORIOS PARA TALLER DE COSTURA  ESCUELA LA VARA,,I MUNICIPALIDAD DE PUERTO MONTT,,Publicada,2025-11-11,2025-11-14 10:00:00,,,,False,False
5,2495-627-COT25,Insumos para equipo SAD del PRLAC,,I MUNICIPALIDAD DE COYHAIQUE,,Publicada,2025-11-11,2025-11-12 17:00:00,,,,False,False
5,3708-330-COT25,"Transporte de usuarios para ""Paseo mayor, caminos que nos conectan"" SA N°282 DDC",,I MUNICIPALIDAD DE PITRUFQUEN,,Publicada,2025-11-10,2025-11-12 15:51:00,,,,False,False
5,1092-57-COT25,SIC 235 SIRE 193 Gasolina 93 Octanos para entregar en Puerto Río Tranquilo,,CORP NACIONAL FORESTAL,,Publicada,2025-11-11,2025-11-14 21:00:00,,,,False,False
5,2306-1384-COT25,"SERVICIO LIMPIEZAS DE ESTUFAS A PELLET DE 6 JARDINES VTF, FONDOS JUNJI",,I MUNICIPALIDAD DE OSORNO,,Publicada,2025-11-11,2025-11-14 08:00:00,,,,False,False
5,2759-638-COT25,COMPRA DE LIBRETAS Y BOLSAS. SOL. 851/DIDECO,,I MUNICIPALIDAD DE CORONEL,,Publicada,2025-11-11,2025-11-14 11:00:00,,,,False,False
5,2281-2326-COT25,MANTELES SPANDEX DISEÑO PERSONALIZADO - PROGRAMA GESTIÓN TERRITORIAL,,I MUNICIPALIDAD VALDIVIA,,Publicada,2025-11-11,2025-11-13 10:00:00,,,,False,False
5,2432-1203-COT25, SOL 987 / DIDECO / SERVICIO DE FOTOGRAFIA / GLADYS MUÑOZ,,I MUNICIPALIDAD ESTACION CENTRAL,,Publicada,2025-11-07,2025-11-15 07:47:00,,,,False,False
5,3469-406-COT25,"ADQ. MATERIALES OFICINA, ENCUENTRO COMUNAL DIRIGENTES SOCIALES Y/O COMUNALES 2025, DIDECO, IMCH.",,I MUNICIPALIDAD DE CHANCO,,Publicada,2025-11-11,2025-11-12 15:00:00,,,,False,False
5,2281-2320-COT25,"PROFESIONAL INGENIERO AGRÓNOMO PARA TALLER: ""FLORA MELÍFERA ARBÓREA""",,I MUNICIPALIDAD VALDIVIA,,Publicada,2025-11-11,2025-11-13 09:00:00,,,,False,False
5,1037-40-COT25,SERVICIO DE INSTALACIÓN DE EQUIPOS DE COMUNICACIÓN RADIAL PARA VEHÍCULOS DEPRIF REGIÓN DE LOS LAGOS,,CORP NACIONAL FORESTAL,,Publicada,2025-11-11,2025-11-14 10:00:00,,,,False,False
5,2328-1309-COT25,"SERVICIO DE ALIMENTACION PARA EQUIPO DOCENTE 43 ESCUELAS, HPV I, UNIDAD PSICOSOCIAL/DAEM 22574",,I MUNICIPALIDAD DE PUERTO MONTT,,Publicada,2025-11-11,2025-11-12 12:00:00,,,,False,False
5,2424-3444-COT25,KIT DE HERRAMIENTAS DE JARDINERIA/P83/6231/CRV,,I MUNICIPALIDAD DE VINA DEL MAR,,Publicada,2025-11-11,2025-11-12 11:50:00,,,,False,False
5,2464-1636-COT25,"ADQUISICION DE MATERIALES DE FERRETERIA, SEGUN OP 81/SERVICIOS OPERATIVOS",,I MUNICIPALIDAD DE QUILLOTA,,Publicada,2025-11-11,2025-11-12 14:00:00,,,,False,False
5,1126922-2173-COT25,"MATERIAL DIDACTICO, LICEO INDUSTRIAL CHILENO ALEMAN DE FRUTILLAR",,SERVICIO LOCAL DE EDUCACION PUBLICA DE LLANQUIHUE,,Publicada,2025-11-11,2025-11-12 15:00:00,,,,False,False
5,2585-1633-COT25,"ADQ. MOBILIARIO Y EQUIPAMIENTO INFANTIL, DIDACTICO Y DE ESTIMULACIÓN, ORD N° 3826, PRLAC, DIDECO, CBA, IMA",,I MUNICIPALIDAD DE ARICA,,Publicada,2025-11-11,2025-11-14 10:00:00,,,,False,False
5,4491-509-COT25,MATERIALES DE FERRETERÍA (PC/71),,Ilustre Municipalidad de Penco - Educación,,Publicada,2025-11-11,2025-11-13 09:00:00,,,,False,False
5,3853-496-COT25,Provisión e instalación de vidrios en dependencias que se indican pertenecientes al Departamento de Salud de Rio Bueno,,I MUNICIPALIDAD DE RIO BUENO,,Publicada,2025-11-11,2025-11-12 09:50:00,,,,False,False
5,5575-250-COT25, RECOLECCION DE RESIDUOS SOLIDOS DOMICILIARIOS LOCALIDAD DE ÑIREHUAO Y EL GATO,,I MUNICIPALIDAD DE COYHAIQUE,,Publicada,2025-11-11,2025-11-13 18:00:00,,,,False,False
5,2585-1645-COT25,"ADQ. PRODUCTOS TECNOLOGICOS, ORD. N°4463/2025, BARRIO LOA, DIDECO, IMA, GMH",,I MUNICIPALIDAD DE ARICA,,Publicada,2025-11-11,2025-11-13 10:00:00,,,,False,False
5,2904-218-COT25,Adquisición de leña brosa vara corta y seca – Elecciones Parlamentarias 2025,,I MUNICIPALIDAD DE HUALAIHUE,,Publicada,2025-11-11,2025-11-12 12:30:00,,,,False,False
5,1242121-433-COT25,F N06 MATERIALES DE CONSTRUCCIÓN PARTICIPACIÓN Y VINCULACIÓN,,Servicio de Salud Coquimbo Hospital de Ovalle,,Publicada,2025-11-11,2025-11-13 08:00:00,,,,False,False
5,2961-1349-COT25,"SC 126 SP 1176, SOLICITA ARRIENDO DE BUSES DIDECO.",,I MUNICIPALIDAD DE LA GRANJA,,Publicada,2025-11-11,2025-11-12 15:35:00,,,,False,False
5,2297-1628-COT25,"MOTOBOMBA DE 3"" PARA RECIRCULACION DE LIXIVIADOS EN VERTEDERO CURACO OSORNO",,I MUNICIPALIDAD DE OSORNO,,Publicada,2025-11-11,2025-11-12 09:30:00,,,,False,False
5,2731-1147-COT25,SC N°05-464_DIDECO_DPTO DE PROTECCIÓN SOCIAL_AYUDA TÉCNICAS,,I MUNICIPALIDAD DE PENAFLOR,,Publicada,2025-11-04,2025-11-12 10:43:00,,,,False,False
5,2291-1385-COT25,NP 444 DIDECO MATERIALES DE ENSEÑANZA,,I MUNICIPALIDAD DE TALCA,,Publicada,2025-11-11,2025-11-12 16:00:00,,,,False,False
5,3708-328-COT25,Diversos materiales para Programa de Turismo SA N°U168,,I MUNICIPALIDAD DE PITRUFQUEN,,Publicada,2025-11-11,2025-11-13 09:00:00,,,,False,False
5,5575-249-COT25,RECOLECCION DE RESIDUOS SOLIDOS DOMICILIARIOS LOCALIDAD DE LAGO ATRAVESADO,,I MUNICIPALIDAD DE COYHAIQUE,,Publicada,2025-11-11,2025-11-13 18:00:00,,,,False,False
5,2211-1567-COT25,IMPLEMENTOS VARIOS SOL 607 DIDECO (DEPORTES) ,,I MUNICIPALIDAD DE LIMACHE,,Publicada,2025-11-11,2025-11-12 10:50:00,,,,False,False
5,1126922-2171-COT25," RBD 7927 7765 PG02 SUBV. SEP ""VARAS DE LEÑA"" PARA ESTABLECIMIENTOS.",,SERVICIO LOCAL DE EDUCACION PUBLICA DE LLANQUIHUE,,Publicada,2025-11-11,2025-11-12 09:30:00,,,,False,False
5,3665-919-COT25,TRASLADO LLAY-LLAY. DIDECO,,I MUNICIPALIDAD DE TIL TIL,,Publicada,2025-11-11,2025-11-12 17:30:00,,,,False,False
5,2291-1388-COT25,NP 447 DIDECO LAMINAS SOBRES ARCHIVADOR OTROS,,I MUNICIPALIDAD DE TALCA,,Publicada,2025-11-11,2025-11-13 08:30:00,,,,False,False
5,2585-1639-COT25,"ORD N°3918, ADQ. MATERIALES PROGRAMA CALLE II AÑO 2023, DIDECO, IMA, CRC.",,I MUNICIPALIDAD DE ARICA,,Publicada,2025-11-11,2025-11-13 08:30:00,,,,False,False
5,3764-664-COT25,REALIZACION DE SESION GRUPAL 10° JORNADA DE AUTOCUIDADO EQUIPO CENTRO DE LA MUJER - DIDECO,,I MUNICIPALIDAD DE NANCAGUA,,Publicada,2025-11-07,2025-11-14 09:32:00,,,,False,False
5,2332-1105-COT25,"N° 6439 ADQUISICIÓN DEL CURSO ""TRANSFORMACIÓN DIGITAL DEL ESTADO Y MODERNIZACIÓN DE LA GESTIÓN PÚBLICA""",,I MUNICIPALIDAD DE PUERTO MONTT,,Publicada,2025-11-11,2025-11-17 09:30:00,,,,False,False
5,2324-1353-COT25,ADQUISICION DE ARTICULOS DE OFICINA PARA PROGRAMA SENDA PREVIENE EN LA COMUNIDAD 2025 / SEGURIDAD PUBLICA - SENDA PREVIENE ,,I MUNICIPALIDAD DE PUERTO MONTT,,Publicada,2025-11-05,2025-11-17 09:00:00,,,,False,False
5,1736-1337-COT25,INSUMOS PARA JARDINERIA SEGUN MEMORANDUM N°647/2025 DE LA DIRECCIÓN DE SALUD,,I MUNICIPALIDAD DE LA COMUNA DE EL BOSQUE,,Publicada,2025-11-11,2025-11-12 14:00:00,,,,False,False
5,1159-83-COT25,ADQUISICIÓN DE UN NOTEBOOK Y UN MONITOR ,,SERVICIO AGRICOLA Y GANADERO,,Publicada,2025-11-11,2025-11-13 12:00:00,,,,False,False
5,2328-1310-COT25,ESCUELA RURAL ALTO BONITO - MANTENCION FOTOCOPIADORA F 22377 ,,I MUNICIPALIDAD DE PUERTO MONTT,,Publicada,2025-11-11,2025-11-13 09:00:00,,,,False,False
5,2704-2129-COT25,(sc 6796) materiales ferreteria,,UNIVERSIDAD DEL BIO BIO,,Publicada,2025-11-10,2025-11-12 09:12:00,,,,False,False
5,1155683-179-COT25,COMPRA DE INSUMOS DE CAFETERÍA PARA REUNIONES (PRS),,CORP NACIONAL FORESTAL,,Publicada,2025-11-11,2025-11-13 15:00:00,,,,False,False
5,1126922-2181-COT25,RBD 7975 SEP PG02 SERVICIO DE TRASLADO PARA ESCUELA ARTURO ALESSANDRI PALMA COMUNA FRUTILLAR,,SERVICIO LOCAL DE EDUCACION PUBLICA DE LLANQUIHUE,,Publicada,2025-11-11,2025-11-12 13:00:00,,,,False,False
5,1723-288-COT25,Insumos veterinarios y agricolas PDTI y Proder,,I MUNICIPALIDAD DE LOS LAGOS,,Publicada,2025-11-11,2025-11-14 11:00:00,,,,False,False
5,2555-121-COT25,SIC 375 SIRE 245 - Alimentos Brigadas Forestales Conaf Coquimbo ,,CORP NACIONAL FORESTAL,,Publicada,2025-11-11,2025-11-14 12:00:00,,,,False,False
5,2495-621-COT25,Marcos de certificados para Programa de Prevención de las Violencias de Género,,I MUNICIPALIDAD DE COYHAIQUE,,Publicada,2025-11-11,2025-11-13 15:00:00,,,,False,False
5,2332-1095-COT25,INSUMOS PARA TALLERES DEL PROYECTO “ME CUIDO Y CONOZCO A MI VECINO” DE CECOSF LAWEN,,I MUNICIPALIDAD DE PUERTO MONTT,,Publicada,2025-11-10,2025-11-12 16:01:00,,,,False,False
5,3876-220-COT25,materiales de construccion,,I MUNICIPALIDAD DE RAUCO,,Publicada,2025-11-11,2025-11-12 18:00:00,,,,False,False
5,4044-719-COT25,COMPRA DE PRODUCTOS PARA ACTIVIDAD MUNICIPAL NOERE 2025 - MONTO DE LA COMPRA INCLUYE FLETE PUESTO EN ISLA DE PASCUA - SOLICITA DIDECO,,I MUNICIPALIDAD DE ISLA DE PASCUA,,Publicada,2025-11-11,2025-11-13 06:00:00,,,,False,False
5,633-175-COT25,Se requieren 400 desinfectantes de ambiente,,CORP NACIONAL FORESTAL,,Publicada,2025-11-11,2025-11-13 07:30:00,,,,False,False
5,2281-2328-COT25," ADQUISICIÓN DE ALIMENTOS: TÉ, CAFÉ, JUGOS, AZÚCAR, GALLETAS, GOLOSINAS, PAPAS FRITAS Y OTROS - DEPARTAMENTO ADULTO MAYOR, ES OBLIGATORIO: LOS PRODUCTOS ENTREGARSE EN OFICINA SIN COSTO",,I MUNICIPALIDAD VALDIVIA,,Publicada,2025-11-11,2025-11-13 11:30:00,,,,False,False
5,2658-1733-COT25,SILLA ERGONÓMICA,,I MUNICIPALIDAD DE ANCUD,,Publicada,2025-11-11,2025-11-14 09:00:00,,,,False,False
5,2281-2324-COT25,SERVICIO PRODUCCION STAND ETM STGO,,I MUNICIPALIDAD VALDIVIA,,Publicada,2025-11-11,2025-11-12 14:00:00,,,,False,False
5,2594-896-COT25,PENDON ROLLER Y PENDON ARAÑA.  (OFICINA DIDECO). ,,I MUNICIPALIDAD DE CONCON,,Publicada,2025-11-11,2025-11-13 08:00:00,,,,False,False
5,2307-666-COT25, ADQUISICION MOBILIARIO CONVENIO FOFAR RAHUE ALTO (REQ.3392) CAO,,I MUNICIPALIDAD DE OSORNO,,Publicada,2025-11-11,2025-11-13 11:00:00,,,,False,False
5,3734-832-COT25,ADQ MATERIALES DE FERRETERIA,,I MUNICIPALIDAD DE LAJA,,Publicada,2025-11-11,2025-11-12 16:00:00,,,,False,False
5,2432-1219-COT25,SOL 982-DIDECO-REPARACION FLEX DE CARGA Y ADQUISICION DE CARGADOR ORIGINAL.,,I MUNICIPALIDAD ESTACION CENTRAL,,Publicada,2025-11-11,2025-11-13 09:00:00,,,,False,False
5,2281-2317-COT25, Asesoría Técnica para Tableros Electrónicos Coliseo Municipal,,I MUNICIPALIDAD VALDIVIA,,Publicada,2025-11-11,2025-11-13 08:00:00,,,,False,False
5,2495-616-COT25,TRASLADO PROFESIONALES CENTRO DE LAS MUJERES,,I MUNICIPALIDAD DE COYHAIQUE,,Publicada,2025-11-10,2025-11-13 09:00:00,,,,False,False
5,4050-778-COT25,"ADQUISICIÓN DE MOVILIZACIÓN EN FURGÓN, PRLAC, DIDECO,  Icalma -Cruzaco-Pehuenco- Lonquimay  (ida y regreso)",,I MUNICIPALIDAD DE LONQUIMAY,,Publicada,2025-11-11,2025-11-12 12:00:00,,,,False,False
5,5626-1000-COT25,INSUMOS TALLER INS. FERRETERIA PROYECTO ING2030 - E.S,,UNIVERSIDAD DE VALPARAISO,,Publicada,2025-11-11,2025-11-12 18:00:00,,,,False,False
5,2348-104-COT25,REPUESTOS PARA REPARACIÓN CAMIÓN MERCEDES BENZ,,I MUNICIPALIDAD DE PUNTA ARENAS,,Publicada,2025-11-11,2025-11-17 10:00:00,,,,False,False
5,450-441-COT25,SERVICIO DE CATERING. EVALUACIÓN EJECUCIÓN PROGRAMA ADULTO MAYOR 2025. DEPARTAMENTO SOCIAL.,,I MUNICIPALIDAD DE RIO NEGRO,,Publicada,2025-11-08,2025-11-14 11:18:00,,,,False,False
5,2380-2798-COT25,OS N°145061 - ADQUISICIÓN Y CONFECCION DE TIMBRE AUTOMATICO PARA OFICINA DE LA JUVENTUD / DIDECO (CTO),,I MUNICIPALIDAD DE COPIAPO,,Publicada,2025-11-10,2025-11-12 14:02:00,,,,False,False
5,812799-396-COT25,SERVICIO DE COFFE BREAK (EDLI ) DIDECO ( SS N°46),,I MUNICIPALIDAD DE MEJILLONES,,Publicada,2025-11-11,2025-11-14 16:00:00,,,,False,False
5,980313-377-COT25,COMPRA DE MATERIALES DE CONSTRUCCIÓN Y REPARACION TRINEO NAVIDAD,,I MUNICIPALIDAD DE ANTUCO,,Publicada,2025-11-11,2025-11-14 12:00:00,,,,False,False
5,1426102-113-COT25,ADQUISION DE INSUMOS DE FERRETERIA PARA CENTRO LAE-IP,,SERVICIO NACIONAL DE REINSERCION SOCIAL JUVENIL,,Publicada,2025-11-11,2025-11-14 10:00:00,,,,False,False
5,3853-502-COT25,Filtro Bacteriovirales para Espirometría ,,I MUNICIPALIDAD DE RIO BUENO,,Publicada,2025-11-11,2025-11-12 16:50:00,,,,False,False
5,5657-147-COT25,AVA LOS RIOS SIC 445 MATERIALES ARREGLO BASE DE BRIGADA,,CORP NACIONAL FORESTAL,,Publicada,2025-11-11,2025-11-14 12:00:00,,,,False,False
5,3151-660-COT25,MATERIALES DE FERRETERIA,,I MUNICIPALIDAD DE LONCOCHE,,Publicada,2025-11-06,2025-11-12 09:37:00,,,,False,False
5,2284-1057-COT25,CONSOLIDADO AFICHES Y CUADERNILLOS - SOLICITUDES 5270-5271-5274,,I MUNICIPALIDAD VALDIVIA,,Publicada,2025-11-10,2025-11-12 10:00:00,,,,False,False
5,2552-14-COT25,"Materiales de faenas para apoyar las actividades de mantención del Proyecto Raíces del Poblado 2025, comuna de Illapel, Región de Coquimbo.SIC 60",,CORP NACIONAL FORESTAL,,Publicada,2025-11-11,2025-11-14 16:00:00,,,,False,False
5,3833-894-COT25,FOCOS-RECINTOS DEPORTIVOS,,I MUNICIPALIDAD DE RIO BUENO,,Publicada,2025-11-11,2025-11-13 15:00:00,,,,False,False
5,2574-73-COT25,Instalacion De Equipo de Aire Aondicinado,,CORP NACIONAL FORESTAL,,Publicada,2025-11-11,2025-11-14 12:00:00,,,,False,False
5,1090-117-COT25,SIC 817  SIRE 791 MATERIALES CONSTRUC. VIVERO,,CORP NACIONAL FORESTAL,,Publicada,2025-11-11,2025-11-13 09:00:00,,,,False,False
5,1736-1342-COT25,"Adquisición de alimentos, según memorándum N°800/541/2025 de DIDECO, SC 1449.",,I MUNICIPALIDAD DE LA COMUNA DE EL BOSQUE,,Publicada,2025-11-11,2025-11-13 10:00:00,,,,False,False
5,2332-1097-COT25,ADQUISICION DE ARTICULOS DE DIFUSIÓN PARA ACTIVIDADES  COMUNITARIAS DE LOS CENTROS DE SALUD DEL DESAM PUERTO MONTT,,I MUNICIPALIDAD DE PUERTO MONTT,,Publicada,2025-11-11,2025-11-12 11:10:00,,,,False,False
5,2380-2825-COT25,OS 145206 ADQUISICION DE TORTA CLUB ADULTO MAYOR LAS PERLAS PIONERAS DE ATACAMA 21/11 A LAS 14 HRS DIDECO (MAP),,I MUNICIPALIDAD DE COPIAPO,,Publicada,2025-11-11,2025-11-12 11:00:00,,,,False,False
5,2328-1308-COT25,"SE SOLICITA LA CONTRATACION DE SERVICIO DE MANTENIMIENTO PARA AIRE ACONDICIONADO, ESCUELA DAEM, UNIDAD OBRAS MENORE/DAEM 21874(SE ADJUNTA INFORME TECNICO)",,I MUNICIPALIDAD DE PUERTO MONTT,,Publicada,2025-11-11,2025-11-12 11:00:00,,,,False,False
5,2291-1391-COT25,NP 401 DIDECO MAT. DE ASEO FALTANTES CONVENIO MARCO,,I MUNICIPALIDAD DE TALCA,,Publicada,2025-11-11,2025-11-13 08:30:00,,,,False,False
5,1126922-2178-COT25,RBD 7982 SEP PG02 SALIDA PEDAGÓGICA PARA ESCUELA RURAL PARAGUAY COMUNA FRUTILLAR,,SERVICIO LOCAL DE EDUCACION PUBLICA DE LLANQUIHUE,,Publicada,2025-11-11,2025-11-12 13:00:00,,,,False,False
5,450-446-COT25,"TOALLITAS HÚMEDAS, GUANTES VINILO Y OTROS. PROGRAMA RED LOCAL DE APOYOS Y CUIDADOS PRLAC 2025. DPTO SOCIAL.",,I MUNICIPALIDAD DE RIO NEGRO,,Publicada,2025-11-11,2025-11-13 09:00:00,,,,False,False
5,2776-1206-COT25,"S.P. N°170862, DIDECO. COMPRA DE 01 MEDIAGUA DE 3X6, PARA PROGRAMA DE ASISTENCIALIDAD, SEGÚN LO ESTABLECIDO EN LOS TERMINOS DE REQUERIMIENTO ADJUNTOS.",,I MUNICIPALIDAD DE RENGO,,Publicada,2025-11-11,2025-11-13 08:30:00,,,,False,False
5,5520-943-COT25,Suministro de Planchas de Zinc Liso - Periodo 6 meses ,,UNIVERSIDAD DE CHILE,,Publicada,2025-11-11,2025-11-12 16:15:00,,,,False,False
5,2284-1063-COT25,MATERIALES PARA TALLERES ANGACHILLA — SOLICITUD Nº 5286,,I MUNICIPALIDAD VALDIVIA,,Publicada,2025-11-11,2025-11-13 10:00:00,,,,False,False
5,1092-58-COT25,SIC 235 SIRE 193 Combustible y Lubricantes Deprif,,CORP NACIONAL FORESTAL,,Publicada,2025-11-11,2025-11-13 21:00:00,,,,False,False
5,2284-1062-COT25,HERRAMIENTAS Y MATERIALES PARA HUERTA DEL CESFAM DR. JORGE SABAT. SOLICITUD 5224,,I MUNICIPALIDAD VALDIVIA,,Publicada,2025-11-11,2025-11-12 17:00:00,,,,False,False
5,2574-63-COT25,Masntencion y Reparacion Motosierras y Desbrozadora,,CORP NACIONAL FORESTAL,,Publicada,2025-11-06,2025-11-16 12:20:00,,,,False,False
5,3232-352-COT25,CORTINAS ROLLER - SC N°83524 DIDECO,,I MUNICIPALIDAD DE SANTO DOMINGO,,Publicada,2025-11-11,2025-11-14 11:00:00,,,,False,False
5,2730-427-COT25,Fabricacion de Cuchillas Equipo desbrozador Tractor CASE II,,I MUNICIPALIDAD DE CASTRO,,Publicada,2025-11-11,2025-11-13 17:00:00,,,,False,False
5,2464-1631-COT25,"ARTÍCULOS DE FERRETERÍA, OP N°47 , MEDIO AMBIENTE ",,I MUNICIPALIDAD DE QUILLOTA,,Publicada,2025-11-11,2025-11-12 12:00:00,,,,False,False
5,1195-652-COT25,ADQUISICIÓN DE 8 SILLAS GAMER PARA PROGRAMA LAZOS 2025,,I MUNICIPALIDAD DE COYHAIQUE,,Publicada,2025-11-11,2025-11-13 09:00:00,,,,False,False
5,1126922-2164-COT25,"RBD 7958 PG02 SEP - MATERIAL DIDÁCTIVO PARA ESCUELA INES GALLARDO ALVARADO, COMUNA DE LLANQUIHUE.",,SERVICIO LOCAL DE EDUCACION PUBLICA DE LLANQUIHUE,,Publicada,2025-11-10,2025-11-12 18:37:00,,,,False,False
5,2328-1316-COT25,"SE SOLICITA LA CONTRATACION DE SERVICIO PARA MEJORAMIENTO DE SELLOS AGUA LLUVIA, INTERNADO LICEO PIEDRA AZUL/DAEM 22618(SE ADJUNTAN ESPECIFICACIONES TECNICAS, IMAGEN 1-2)",,I MUNICIPALIDAD DE PUERTO MONTT,,Publicada,2025-11-11,2025-11-12 16:00:00,,,,False,False
5,2328-1267-COT25,ADQUISICION INSUMOS PARA TALLER DE TEATRO ESCUELA LA VARA,,I MUNICIPALIDAD DE PUERTO MONTT,,Publicada,2025-11-05,2025-11-17 10:12:00,,,,False,False
5,450-437-COT25,"SERVICIO DE TRANSPORTE. MUESTRA TURÍSTICA, AGRÍCOLA Y ARTESANAL DE LA COMUNA DE RÍO NEGRO 2025. PROGRAMA TURISMO. UDEL.",,I MUNICIPALIDAD DE RIO NEGRO,,Publicada,2025-11-08,2025-11-14 14:22:00,,,,False,False
5,2552-12-COT25,E102RT19 MATERIALES Y UTILES DE ASEO PROYECTO VIVERO REGIONAL ILLAPEL SIC 59,,CORP NACIONAL FORESTAL,,Publicada,2025-11-11,2025-11-14 12:00:00,,,,False,False
5,2284-1064-COT25,ARTICULOS DE ESCRITORIO CESFAM SABAT — SOLICITUD ºN 37997,,I MUNICIPALIDAD VALDIVIA,,Publicada,2025-11-11,2025-11-13 00:00:00,,,,False,False
5,3665-901-COT25, MEDICAMENTO FERINJECT. DIDECO,,I MUNICIPALIDAD DE TIL TIL,,Publicada,2025-11-07,2025-11-14 18:10:00,,,,False,False
5,2793-1250-COT25,MATERIALES DE CONSTRUCCION HABITABILIDAD FOSIS,,Iluste Municipalidad de Huechuraba,,Publicada,2025-11-11,2025-11-14 08:30:00,,,,False,False
5,2464-1630-COT25,"ARTÍCULOS DE FERRETERÍA, OP N°49, MEDIO AMBIENTE ",,I MUNICIPALIDAD DE QUILLOTA,,Publicada,2025-11-11,2025-11-12 12:00:00,,,,False,False
5,1195-650-COT25,SERVICIO DE CONEXIÓN DE FIGURAS NAVIDEÑAS AL ALUMBRADO PUBLICO DE COYHAIQUE.,,I MUNICIPALIDAD DE COYHAIQUE,,Publicada,2025-11-11,2025-11-12 15:00:00,,,,False,False
5,2776-1174-COT25,"S.P. N°169789, DIDECO. COMPRA DE INSUMOS DE PUBLICIDAD PARA EJEC. PROG. ""3A FERIA EL ENCANTO DEL LIBRO, RENGO 2025"" APROB. POR DEC. ALC. N°1622 DE 15.09.2025, SEGÚN LO ESTABLECIDO EN LOS TERMINOS DE R",,I MUNICIPALIDAD DE RENGO,,Publicada,2025-11-05,2025-11-13 10:20:00,,,,False,False
5,2446-1576-COT25,ADQUISICION DE SILLAS DE VISITA. DIDECO (PROGRAMA DE ATENCION INICIAL DE LAS VG RAYUN),,I MUNICIPALIDAD DE COQUIMBO,,Publicada,2025-11-11,2025-11-14 11:00:00,,,,False,False
5,1157-187-COT25,Arriendo de contenedor tipo oficina – SAG Oficina Metropolitana ,,SERVICIO AGRICOLA Y GANADERO,,Publicada,2025-11-11,2025-11-12 15:00:00,,,,False,False
5,2776-1199-COT25," S.P. N°169900, DIDECO. COMPRA DE PAN PARA ENTREGA DIARIA A RESIDENTENTES DEL ELEAM RENGO, SEGÚN LO ESTABLECIDO EN LOS TERMINOS DE REQUERIMIENTO ADJUNTOS",,I MUNICIPALIDAD DE RENGO,,Publicada,2025-11-11,2025-11-12 15:30:00,,,,False,False
5,2778-866-COT25,MATERIAL FERRETERIA JARDIN LAS ORUGUITAS ,,I MUNICIPALIDAD DE RENGO,,Publicada,2025-11-05,2025-11-12 15:51:00,,,,False,False
5,4644-183-COT25,ADQUISICIÓN DE FERTILIZANTES LÍQUIDOS VIVERO MALLIN SIC,,CORP NACIONAL FORESTAL,,Publicada,2025-11-11,2025-11-13 10:00:00,,,,False,False
5,4189-516-COT25,COMPRA MATERIALES DE CONSTRUCCIÓN PMU - S137,,I MUNICIPALIDAD DE LEBU,,Publicada,2025-11-11,2025-11-12 15:30:00,,,,False,False
5,2281-2325-COT25,PROFESIONAL TECNICO AGRICOLA O VETERINARIO PARA CHARLA GANADERIA REGENERATIVA,,I MUNICIPALIDAD VALDIVIA,,Publicada,2025-11-11,2025-11-13 10:30:00,,,,False,False
5,3705-468-COT25,"ADQUISICIÓN DE EQUIPOS ELECTRONICOS Y ACCESORIOS EJECUCIÓN PROYECTO FNDR JORNADAS DE AUTOCUIDADO PARA FORTALECER LA SALUD INTEGRAL DE LOS ADULTOS MAYORES , DIDECO SP 23191",,I MUNICIPALIDAD DE LOS SAUCES,,Publicada,2025-11-11,2025-11-12 13:30:00,,,,False,False
5,4644-182-COT25,"ADQUISICIÓN DE ENRAIZANTES  VIVERO MALLIN SIC: 270, SIRE:236",,CORP NACIONAL FORESTAL,,Publicada,2025-11-11,2025-11-13 10:00:00,,,,False,False
5,2428-2373-COT25, CONFITES PARA DIDECO,,I MUNICIPALIDAD DE QUILPUE,,Publicada,2025-11-07,2025-11-14 05:26:00,,,,False,False
5,1126922-2184-COT25,RBD 22012 SEP PG02 Instrumentos musicales para Banda del  Liceo Punta de Rieles de la comuna de Los Muermos,,SERVICIO LOCAL DE EDUCACION PUBLICA DE LLANQUIHUE,,Publicada,2025-11-11,2025-11-13 08:00:00,,,,False,False
5,3767-270-COT25,MATERIAL DE FERRETERIA,,I MUNICIPALIDAD DE PELARCO,,Publicada,2025-11-11,2025-11-13 12:00:00,,,,False,False
5,1078177-1184-COT25,ADQUISICION DE MATERIALES DE CONSTRUCCION PARA LA 3RA. COMISARIA DE PADRE LAS CASAS,,SECCIÓN COMPRAS IX ZONA,,Publicada,2025-11-11,2025-11-12 15:25:00,,,,False,False
5,3516-721-COT25, Se solicita adquicicion de insumos veterinarios para actividades autogestionadas para el programa PDTI,,I MUNICIPALIDAD DE CARAHUE,,Publicada,2025-11-11,2025-11-13 10:00:00,,,,False,False
5,3853-493-COT25, Pieza de Mano Micromotor,,I MUNICIPALIDAD DE RIO BUENO,,Publicada,2025-11-11,2025-11-12 10:15:00,,,,False,False
5,1087-282-COT25, SIC REF 477 MATERIAL DE FAENA,,CORP NACIONAL FORESTAL,,Publicada,2025-11-11,2025-11-12 16:30:00,,,,False,False
5,4468-229-COT25,Adquisición de pegamento para DIDECO,,I MUNICIPALIDAD DE SIERRA GORDA,,Publicada,2025-11-11,2025-11-12 12:10:00,,,,False,False
5,3833-895-COT25,PLIEGOS DE ABECEDARIO-DIRECCION DE TRANSITO,,I MUNICIPALIDAD DE RIO BUENO,,Publicada,2025-11-11,2025-11-14 09:00:00,,,,False,False
5,2495-628-COT25,Cartucho de toner original Centro de las Mujeres,,I MUNICIPALIDAD DE COYHAIQUE,,Publicada,2025-11-11,2025-11-12 16:35:00,,,,False,False
5,3000-1895-COT25,"Tintas Impresora, DIDECO prelac",,I MUNICIPALIDAD DE MONTEPATRIA,,Publicada,2025-11-11,2025-11-12 11:00:00,,,,False,False
5,4044-717-COT25,COMPRA DE PRODUCTOS PARA ACTIVIDAD MUNICIPAL NOERE 2025 - SOLICITA DIDECO,,I MUNICIPALIDAD DE ISLA DE PASCUA,,Publicada,2025-11-11,2025-11-13 06:00:00,,,,False,False
5,2281-2329-COT25,ADQUISICIÓN DE MATERIALES PARA TALLERES Y ACTIVIDADES DE FORMACIÓN PROGRAMA CONTRA LA VIOLENCIA D GÉNERO,,I MUNICIPALIDAD VALDIVIA,,Publicada,2025-11-11,2025-11-14 10:00:00,,,,False,False
5,3833-898-COT25,ESTANQUE DE AGUA-DEPTO. SOCIAL,,I MUNICIPALIDAD DE RIO BUENO,,Publicada,2025-11-11,2025-11-13 09:00:00,,,,False,False
5,5651-104-COT25,SICR 199-2025 ET Mudadores RNPT,,CORP NACIONAL FORESTAL,,Publicada,2025-11-11,2025-11-18 09:50:00,,,,False,False
5,2281-2321-COT25, ADQUISICIÓN ROPA TEMPORADA ESTIVAL 2025/2026 PERSONAL PLAYA COLLICO - VALDIVIA,,I MUNICIPALIDAD VALDIVIA,,Publicada,2025-11-11,2025-11-13 08:30:00,,,,False,False
5,2332-1098-COT25,REPARACION DE CORTINAS METALICAS FARMACIA CIUDADANA,,I MUNICIPALIDAD DE PUERTO MONTT,,Publicada,2025-11-11,2025-11-13 08:00:00,,,,False,False
5,1002772-2830-COT25,VENDA OXIDO DE ZINC (BOTA DE UNNA) ,,SERVICIO SALUD OCCIDENTE HOSPITAL DR FELIX BULNES CERDA,,Publicada,2025-11-11,2025-11-12 18:30:00,,,,False,False
5,2307-663-COT25, INSUMOS PROG. RBC Y APOYO A LAS BUENAS PRACTICAS (REQ.3331) CAO,,I MUNICIPALIDAD DE OSORNO,,Publicada,2025-11-11,2025-11-13 10:00:00,,,,False,False
5,1079445-849-COT25,"ADQUISICIÓN  DE (MATERIALES DE CONSTRUCCION), PARA LA COMISIÓN POBLACIONES",,SECCIÓN COMPRAS XII ZONA,,Publicada,2025-11-11,2025-11-12 12:00:00,,,,False,False
5,612-256-COT25,Certificados de Inspección,,SERVICIO AGRICOLA Y GANADERO,,Publicada,2025-11-11,2025-11-12 16:00:00,,,,False,False
5,2328-1313-COT25," SERVICIO DE ALIMENTACION, UNIDAD PSICOSOCIAL/DAEM 22556(SE ADJUNTA DETALLE REQUERIMIENTO)",,I MUNICIPALIDAD DE PUERTO MONTT,,Publicada,2025-11-11,2025-11-12 12:00:00,,,,False,False
5,4967-731-COT25,VENDA HUMEDA PRONTOZINC CURAMINA DE 10CM.X5MTS.,,HOSPITAL DE QUILPUE,,Publicada,2025-11-11,2025-11-13 10:00:00,,,,False,False
5,387-631-COT25,Adquisición de materiales de construcción para usuarios del Programa SNAC.,,I MUNICIPALIDAD DE LOS MUERMOS,,Publicada,2025-11-11,2025-11-12 13:10:00,,,,False,False
5,906-157-COT25,9101 MSL Compra de neumáticos para camioneta flota propia en Oficina Sector Temuco SAG Región de La Araucanía.,,SERVICIO AGRICOLA Y GANADERO,,Publicada,2025-11-11,2025-11-12 18:30:00,,,,False,False
5,2904-223-COT25,Servicio de Alimentación - Aniversario Unión Comunal de Adultos Mayores 2025.,,I MUNICIPALIDAD DE HUALAIHUE,,Publicada,2025-11-11,2025-11-12 17:30:00,,,,False,False
5,730357-15-COT25,RESMAS ,,1 Juzgado de Familia de San Miguel,,Publicada,2025-11-11,2025-11-14 14:00:00,,,,False,False
5,2585-1637-COT25,"ADQ DE SERVICIO DE IMPRESION,ORD N°4434,DIDECO,OF.MUNICIPAL DE INFORMACION LABORAL,REC,IMA ",,I MUNICIPALIDAD DE ARICA,,Publicada,2025-11-11,2025-11-12 12:50:00,,,,False,False
5,2307-667-COT25,ESTUDIO DIAGNOSTICO DE FALLA EN EQUIPO GENERADOR CESFAM OVEJERIA (REQ 3396) NCH,,I MUNICIPALIDAD DE OSORNO,,Publicada,2025-11-11,2025-11-12 17:00:00,,,,False,False
5,2427-2045-COT25,"Servicio de producción para actividad ""Teletón Rodelillo"" - DIDECO",,I MUNICIPALIDAD DE VALPARAISO,,Publicada,2025-11-11,2025-11-13 08:30:00,,,,False,False
5,2332-1107-COT25,N° 6445 COMPRA DE TECLADOS Y MOUSES.,,I MUNICIPALIDAD DE PUERTO MONTT,,Publicada,2025-11-11,2025-11-13 17:00:00,,,,False,False
5,1437-981-COT25,SERVICIO DE  TRASLADO DE LONCOTORO A COCHAMO IDA Y VUELTA REQUERIDO POR EL DEPARTAMENTO DIDECO,,I MUNICIPALIDAD DE LLANQUIHUE,,Publicada,2025-11-11,2025-11-12 09:20:00,,,,False,False
5,1078177-1187-COT25,ADQUISICION DE MATERIALES DE CONSTRUCCION PARA LA 2DA. COMISARIA DE TEMUCO,,SECCIÓN COMPRAS IX ZONA,,Publicada,2025-11-11,2025-11-12 16:45:00,,,,False,False
5,1126922-2189-COT25,"RBD 7931 PG02 SUBV. SEP ""SERVICIO DE TRASLADO Y ENTRADAS A LA FERIA SAGO DE OSORNO"" ESC. PATO LLICO DE LA COMUNA DE FRESIA.",,SERVICIO LOCAL DE EDUCACION PUBLICA DE LLANQUIHUE,,Publicada,2025-11-11,2025-11-12 16:00:00,,,,False,False
5,2332-1102-COT25,INSUMOS DE ALIMENTACIÓN PARA REALIZACIÓN DE COFFEE BREAK,,I MUNICIPALIDAD DE PUERTO MONTT,,Publicada,2025-11-11,2025-11-13 08:00:00,,,,False,False
5,2380-2807-COT25,"OS N°145073 - ADQUISICIÓN DE INSUMOS PARA ACCIONES FORMATIVAS CON PARTICIPANTES DEL PROGRAMA PVG 2025, OFICINA MUNICIPAL DE LA MUJER - DIDECO (CTO)",,I MUNICIPALIDAD DE COPIAPO,,Publicada,2025-11-10,2025-11-12 16:17:00,,,,False,False
5,2730-426-COT25,SENSOR TEMPERATURA COMBUSTIBLE EXCAVADORA JOHN DEERE,,I MUNICIPALIDAD DE CASTRO,,Publicada,2025-11-11,2025-11-13 10:00:00,,,,False,False
5,2306-1385-COT25,"SERVICIO DE CORTE PASTO PARA 6 JARDIENS VTF, FONDOS JUNJI",,I MUNICIPALIDAD DE OSORNO,,Publicada,2025-11-11,2025-11-14 10:00:00,,,,False,False
5,5110-111-COT25,Servicio de corte de pasto Escuela Villa lo Burgos y Escuela Purranque.,,I MUNICIPALIDAD DE PURRANQUE,,Publicada,2025-11-11,2025-11-12 13:00:00,,,,False,False
5,1431841-456-COT25,SM  45919  DIDECO   ALCOHOL  ISOPROLICO ,,MUNICIPALIDAD DE RECOLETA,,Publicada,2025-11-11,2025-11-20 10:00:00,,,,False,False
5,2585-1646-COT25,"ORD N°4374, ADQ. OTROS GASTOS, PROG. CCC.ALTOS DEL MAR, DIDECO, IMA, CRC",,I MUNICIPALIDAD DE ARICA,,Publicada,2025-11-11,2025-11-13 12:00:00,,,,False,False
5,1161266-1115-COT25,ADQUISICIÓN DE PLANCHAS DE INTERNIT - ASISTENCIA SOCIAL - DIDECO,,I MUNICIPALIDAD DE TUCAPEL,,Publicada,2025-11-11,2025-11-12 09:00:00,,,,False,False
5,3617-80-COT25,Compra de pan hallulla corriente para entrega en Puerto Natales.,,CORP NACIONAL FORESTAL,,Publicada,2025-11-11,2025-11-12 14:00:00,,,,False,False
5,2701-834-COT25,"Insumos de ferreteria, para Feria Navideña Año 2025 (Inst: N°590), solicitado por Dirección de Promocion Comunal",,I MUNICIPALIDAD DE TALAGANTE,,Publicada,2025-11-11,2025-11-13 08:30:00,,,,False,False
5,2585-1623-COT25,"ADQ DE SERVICIO DE PRODUCCION,DIDECO,OF DE AFRODESCENDIENTES,ORD N°4475,REC,IMA",,I MUNICIPALIDAD DE ARICA,,Publicada,2025-11-10,2025-11-12 17:27:00,,,,False,False
5,3853-474-COT25,"Adquisición de Polerón Polar Corporativo con Logo para el ""Programa Adolescentes Espacios Amigables""",,I MUNICIPALIDAD DE RIO BUENO,,Publicada,2025-11-07,2025-11-15 06:10:00,,,,False,False
5,2328-1315-COT25,DAEM - MATERIALES PEDAGOGICOS PSICOSOCIAL F 22433 ,,I MUNICIPALIDAD DE PUERTO MONTT,,Publicada,2025-11-11,2025-11-13 09:00:00,,,,False,False
5,1126922-2172-COT25," RBD 7924 PG02 PRO-RETENCIÓN - ADQUISICIÓN DE VESTIMENTA FOLCLORE PARA ESCUELA RURAL SAN ANDRES TEGUALDA, COMUNA DE FRESIA",,SERVICIO LOCAL DE EDUCACION PUBLICA DE LLANQUIHUE,,Publicada,2025-11-11,2025-11-12 12:00:00,,,,False,False
5,1069417-1616-COT25,MATERIALES DE CONSTRUCCIÓN - COSAM,,Dirección  de Salud Municipal Chillán,,Publicada,2025-11-11,2025-11-13 16:00:00,,,,False,False
5,2436-1459-COT25,"Adquisición de litros de bencina, necesario para maquinarias jardineria ",,I MUNICIPALIDAD DE CURICO,,Publicada,2025-11-10,2025-11-12 15:40:00,,,,False,False
5,3603-972-COT25,"ADQUISICION DE MATERIALES DE FERRETERIA, SP 2762",,I MUNICIPALIDAD DE MULCHEN,,Publicada,2025-11-11,2025-11-13 10:00:00,,,,False,False
5,2495-623-COT25,SE REQUIERE LA COMPRA DE VASELINA SOLIDA Y LIQUIDA PARA LA ELABORACION DE PRODUCTOS DEL PROGRAMA LAWEN,,I MUNICIPALIDAD DE COYHAIQUE,,Publicada,2025-11-11,2025-11-12 15:00:00,,,,False,False
5,3232-351-COT25,MOBILIARIO SEDES SOCIALES - SC N°83557-83523 DIDECO,,I MUNICIPALIDAD DE SANTO DOMINGO,,Publicada,2025-11-11,2025-11-14 09:00:00,,,,False,False
5,2585-1640-COT25,"ORD N°4439, ADQ. PROD. TECNOLÓGICOS, BARRIO TIERRAS BLANCAS, DIDECO, IMA, CRC.",,I MUNICIPALIDAD DE ARICA,,Publicada,2025-11-11,2025-11-12 15:30:00,,,,False,False
5,2281-2319-COT25,Adquisición de productos eléctricos para nueva red eléctrica,,I MUNICIPALIDAD VALDIVIA,,Publicada,2025-11-11,2025-11-12 15:30:00,,,,False,False
5,3934-31-COT25,"INSUMOS Y HERRAMIENTAS TALLERES HUERTOS COMUNITARIOS,  PROGAMA PROMOCION DE SALUD",,I MUNICIPALIDAD DE FREIRE,,Publicada,2025-11-11,2025-11-14 16:00:00,,,,False,False
5,2380-2799-COT25,OS N°144976 - ADQUISICIÓN Y CONFECCION DE TIMBRE AUTOMATICO PARA OFICINA EQUIPO TECNICO ASESOR TERRITORIAL  / DIDECO (CTO),,I MUNICIPALIDAD DE COPIAPO,,Publicada,2025-11-10,2025-11-12 13:52:00,,,,False,False
5,1126922-2191-COT25," PG02 SUBV. SEP CURSO DE CAPACITACIÓN PARA MÚLTIPLES RBDS DE LAS COMUNAS DE FRESIA, LOS MUERMOS, PUERTO VARAS Y FRUTILLAR.",,SERVICIO LOCAL DE EDUCACION PUBLICA DE LLANQUIHUE,,Publicada,2025-11-11,2025-11-12 16:00:00,,,,False,False
5,1036-57-COT25,LINTERNAS,,CORP NACIONAL FORESTAL,,Publicada,2025-11-11,2025-11-13 11:00:00,,,,False,False
5,2585-1630-COT25,"ADQ DE EQUIPOS INFORMATICOS,INF TECNICO N°58,ORD N°4311,PROGRAMA  4 A7 LICEO AGRICOLA,DIDECO,REC,IMA",,I MUNICIPALIDAD DE ARICA,,Publicada,2025-11-11,2025-11-12 10:00:00,,,,False,False
5,2759-608-COT25,EXAMEN MEDICO PARA CASO SOCIAL. SOL. 790/DIDECO,,I MUNICIPALIDAD DE CORONEL,,Publicada,2025-11-05,2025-11-16 05:33:00,,,,False,False
5,2324-1378-COT25,LICENCIAS ADOBE ACROBAT PRO PARA EL 1° JUZGADO DE POLICIA LOCAL DE PUERTO MONTT,,I MUNICIPALIDAD DE PUERTO MONTT,,Publicada,2025-11-11,2025-11-12 18:00:00,,,,False,False
5,4519-398-COT25,ADQUISICION DE INSUMOS DE ALIMENTOS PARA REUNIONES DE ORGANIZACIONES DIDECO ,,I MUNICIPALIDAD DE TREHUACO,,Publicada,2025-11-11,2025-11-12 12:20:00,,,,False,False
5,2284-1041-COT25,METILFENIDATO 10 MG DESTINADO AL AREA DE SALUD MUNICIPAL. SOLICITUD 5314-2025,,I MUNICIPALIDAD VALDIVIA,,Publicada,2025-11-07,2025-11-14 10:18:00,,,,False,False
5,2332-1100-COT25,"N° 6387 APOSITO TRANSPARENTE NO ADHERENTE, NO ABSORBENTE INDIVIDUAL 10cm x 12 cm  CPU ",,I MUNICIPALIDAD DE PUERTO MONTT,,Publicada,2025-11-11,2025-11-13 09:30:00,,,,False,False
5,1376-239-COT25,ADQUISICION DE MATERIALES DE CONSTRUCCION PARA U.S.E.P. DE COPIAPÓ,,Dirección Regional de Gendarmeria - Copiapo,,Publicada,2025-11-11,2025-11-17 09:00:00,,,,False,False
5,2291-1368-COT25,"NP Nº399 DIDECO, CONTRATACION DE PSICOLOGO/A PARA ACTIVIDAD DE AUTOCUIDADO",,I MUNICIPALIDAD DE TALCA,,Publicada,2025-11-06,2025-11-12 16:43:00,,,,False,False
5,1638-954-COT25,"Servicio de coffe para oficina de la discapacidad, DIDECO, sm 07619 - 07620",,ILUSTRE MUNICIPALIDAD DE DIEGO DE ALMAGRO,,Publicada,2025-11-11,2025-11-14 09:00:00,,,,False,False
5,3850-527-COT25,AMPLIFICACIÓN INTEGRAL,,I MUNICIPALIDAD DE RIO BUENO,,Publicada,2025-11-11,2025-11-12 13:09:00,,,,False,False
5,2380-2801-COT25,OS N°144958 - ADQUISICIÓN DE MATERIAL DE OFICINA PARA UTILIZAR EN PROGRAMA TRANSFORMANDO BARRIOS / DIDECO (CTO),,I MUNICIPALIDAD DE COPIAPO,,Publicada,2025-11-10,2025-11-12 16:02:00,,,,False,False
5,4291-2080-COT25,MATERIALES DE FERRETERIA (CENTRO DESARROLLO ENERGETICO]),,UNIVERSIDAD DE ANTOFAGASTA,,Publicada,2025-11-10,2025-11-12 16:18:00,,,,False,False
5,2332-1096-COT25,N° 6390 APOSITO ESPUMA HIDROFILICA DE PILIURETANO FLEXIBLE 10X10  CPU,,I MUNICIPALIDAD DE PUERTO MONTT,,Publicada,2025-11-11,2025-11-12 15:00:00,,,,False,False
5,1126922-2175-COT25, PG01 GASTOS ADMINISTRATIVOS - MANTENIMIENTO Y REPARACIÓN 150.000 MK RAV4,,SERVICIO LOCAL DE EDUCACION PUBLICA DE LLANQUIHUE,,Publicada,2025-11-11,2025-11-12 13:00:00,,,,False,False
5,2436-1497-COT25,"Adquisicion de materiales de ferreteria e insumos, necesarios para Cementerio Municipal",,I MUNICIPALIDAD DE CURICO,,Publicada,2025-11-11,2025-11-12 13:30:00,,,,False,False
5,3708-332-COT25,"Edición e impresión libro ""Entre Sueños y Desvelos"" SA N°256 DDC",,I MUNICIPALIDAD DE PITRUFQUEN,,Publicada,2025-11-11,2025-11-13 09:00:00,,,,False,False
5,2328-1312-COT25,LICEO COMERCIAL MIRAMAR- MAQUINA CORTA CESPED F 22583 ,,I MUNICIPALIDAD DE PUERTO MONTT,,Publicada,2025-11-11,2025-11-13 09:00:00,,,,False,False
5,2281-2330-COT25,PRODUCTOS PARA DELEGACION SUR,,I MUNICIPALIDAD VALDIVIA,,Publicada,2025-11-11,2025-11-12 16:00:00,,,,False,False
5,3934-32-COT25,LETREROS INFORMATIVOS SOBRE EL CARÁCTER ASISTENCIAL DOCENTE  EN ESTABLECIMIENTOS DE SALUD,,I MUNICIPALIDAD DE FREIRE,,Publicada,2025-11-11,2025-11-14 16:00:00,,,,False,False
5,2328-1314-COT25,DAEM - MATERIALES DIDACTICOS  PSICOSOCIAL F 22594 ,,I MUNICIPALIDAD DE PUERTO MONTT,,Publicada,2025-11-11,2025-11-13 09:00:00,,,,False,False
5,906-155-COT25,9101 MSL Compra de material técnico para Protección Pecuaria Sector Temuco.,,SERVICIO AGRICOLA Y GANADERO,,Publicada,2025-11-11,2025-11-12 10:20:00,,,,False,False
5,2759-614-COT25,GALVANOS SOLIC-771-DIDECO-TALLER DE MUJERES/MUJER Y EG,,I MUNICIPALIDAD DE CORONEL,,Publicada,2025-11-06,2025-11-16 11:54:00,,,,False,False
5,2571-47-COT25,Materiales de escritorio Provincial Colchagua nov. 2025,,CORP NACIONAL FORESTAL,,Publicada,2025-11-11,2025-11-14 09:00:00,,,,False,False
5,906-156-COT25,9111 IDD Servicio de Mantención Preventiva del Sistema de Alarma de Incendio; Certificación y Prueba Red Húmeda Edificio SAG.,,SERVICIO AGRICOLA Y GANADERO,,Publicada,2025-11-11,2025-11-12 17:30:00,,,,False,False
5,902-71-COT25,"COMPRA DE MATERIALES PARA PROGRAMA DE EXPORTACIONES PECUARIAS, OFICINA SAG TALCA.",,SERVICIO AGRICOLA Y GANADERO,,Publicada,2025-11-11,2025-11-14 14:00:00,,,,False,False
5,1126922-2185-COT25,"RBD 7959 PG02 SEP - IINSUMOS DE LABOTARORIO DE CIENCIAS BIOLOGICAS DE LA ESC. BÁSICA GABRIELA MISTRAL, COMUNA DE LLANQUIHUE.",,SERVICIO LOCAL DE EDUCACION PUBLICA DE LLANQUIHUE,,Publicada,2025-11-11,2025-11-12 15:06:00,,,,False,False
5,2376-859-COT25,ADQUISICION DE COJINES VARIADOS_DIDECO,,I MUNICIPALIDAD DE NUNOA,,Publicada,2025-11-11,2025-11-12 15:45:00,,,,False,False
5,5615-1028-COT25,MATERIAL DE ASEO NECESARIOS PARA EJECUTAR SOLUCIONES CONSTRUCTIVAS DE PROGRAMA HABITABILIDAD CONVOCATORIA 2024 REQ DIDECO N°484,,I.Municipalidad de El Carmen,,Publicada,2025-11-11,2025-11-12 15:30:00,,,,False,False
5,3853-497-COT25,"Adquisición de Artículos de Librería para el ""Programa Cuidados Preventivos""",,I MUNICIPALIDAD DE RIO BUENO,,Publicada,2025-11-11,2025-11-12 11:30:00,,,,False,False
5,3853-500-COT25,Medicamentos FOFAR,,I MUNICIPALIDAD DE RIO BUENO,,Publicada,2025-11-11,2025-11-13 08:00:00,,,,False,False
5,1161266-1120-COT25,ADQUISICIÓN DE INSUMOS DE FERRETERIA PARA MANTENCIÓN DE CARROS PORTA FÉRETROS DEL CEMENTERIO MUNICIPAL DE HUÉPIL Y TUCAPEL,,I MUNICIPALIDAD DE TUCAPEL,,Publicada,2025-11-11,2025-11-12 15:00:00,,,,False,False
5,3833-897-COT25,SEÑALES DE TRANSITO-DIREC. TRANSITO,,I MUNICIPALIDAD DE RIO BUENO,,Publicada,2025-11-11,2025-11-14 09:00:00,,,,False,False
5,1113144-72-COT25,Neumáticos para Camioneta Parque Nacional Patagonia Sector Chacabuco,,CORP NACIONAL FORESTAL,,Publicada,2025-11-11,2025-11-13 18:00:00,,,,False,False
5,1078177-1183-COT25,ADQUISICION DE MATERIALES DE CONSTRUCCION PARA EL RETEN RADAL ,,SECCIÓN COMPRAS IX ZONA,,Publicada,2025-11-11,2025-11-12 13:00:00,,,,False,False
5,4491-542-COT25,MATERIALES DE FERRETERÍA (CQ/90),,Ilustre Municipalidad de Penco - Educación,,Publicada,2025-11-11,2025-11-13 09:00:00,,,,False,False
5,3617-77-COT25,Servicio de lavandería para Ropa de cama,,CORP NACIONAL FORESTAL,,Publicada,2025-11-11,2025-11-12 12:00:00,,,,False,False
5,2291-1389-COT25,NP 449 DIDECO PENDRIVE PUNTERO LASER MOUSE,,I MUNICIPALIDAD DE TALCA,,Publicada,2025-11-11,2025-11-13 08:30:00,,,,False,False
5,966131-70-COT25,CONTRATACIÓN SERVICIO DE AMBULANCIA DE AVANZADA,,I MUNICIPALIDAD DE CASTRO,,Publicada,2025-11-11,2025-11-13 16:30:00,,,,False,False
5,1037-39-COT25,MATERIALES DE ASEO PARA OFICINAS DEPRIF,,CORP NACIONAL FORESTAL,,Publicada,2025-11-11,2025-11-13 15:00:00,,,,False,False
5,3231-548-COT25,COMPRA DE INSUMOS Y MEDICAMENTOS VETERINARIO PARA PROGRAMA DE MEJORAMIENTO GENETICO BOVINO. SEGUN  SOLICITUD DE COMPRA Y TERMINOS DE REFERENCIA ADJUNTOS,,I MUNICIPALIDAD DE PELLUHUE,,Publicada,2025-11-11,2025-11-12 17:05:00,,,,False,False
5,1859-24-COT25,MATERIALES PARA REPARACIÓN Y MANTECIÓN OFICINA PROVINCIAL CONAF OSORNO ,,CORP NACIONAL FORESTAL,,Publicada,2025-11-11,2025-11-14 16:00:00,,,,False,False
5,3754-245-COT25,Adquisición de Materiales de Construccion para PSR Canela Alta ,,I MUNICIPALIDAD DE CANELA,,Publicada,2025-11-11,2025-11-14 18:00:00,,,,False,False
5,730357-16-COT25,INSUMOS INFORMATICOS,,1 Juzgado de Familia de San Miguel,,Publicada,2025-11-11,2025-11-14 14:00:00,,,,False,False
5,2432-1223-COT25,SOL1035-DIDECO-FOTOLIBRO PROGRAMA CALLE.,,I MUNICIPALIDAD ESTACION CENTRAL,,Publicada,2025-11-11,2025-11-13 09:00:00,,,,False,False
5,1155683-180-COT25,Compra de Sustrato (Tierra de Hoja) Depto. Bosques y Cambio Climático (RAS),,CORP NACIONAL FORESTAL,,Publicada,2025-11-11,2025-11-13 15:00:00,,,,False,False
5,2291-1340-COT25," NP Nº385 DIDECO, UTENSILIOS PARA COCINA Y COMEDOR CENTRO DIURNO LAS AMERICAS",,I MUNICIPALIDAD DE TALCA,,Publicada,2025-11-11,2025-11-13 12:00:00,,,,False,False
5,2297-1629-COT25,SERVICIO DE ARRIENDO CAMION LIMPIAFOSAS.,,I MUNICIPALIDAD DE OSORNO,,Publicada,2025-11-11,2025-11-12 11:15:00,,,,False,False
5,3853-478-COT25,Fresón Dental ,,I MUNICIPALIDAD DE RIO BUENO,,Publicada,2025-11-07,2025-11-14 13:56:00,,,,False,False
5,2585-1634-COT25,"ADQ DE ALIMENTOS,DIDECO,ORD N°4350,DEPTO DE ASESORIA TECNICA,REC,IMA",,I MUNICIPALIDAD DE ARICA,,Publicada,2025-11-11,2025-11-12 11:45:00,,,,False,False
5,2291-1383-COT25,NP451 DIDECO CONTRATACION DE MONITOR PARA TALLER,,I MUNICIPALIDAD DE TALCA,,Publicada,2025-11-11,2025-11-12 15:00:00,,,,False,False
5,2719-574-COT25,INSUMOS VETERINARIOS ZOONOSIS,,I MUNICIPALIDAD DE PIRQUE,,Publicada,2025-11-11,2025-11-13 15:00:00,,,,False,False
5,2306-1381-COT25,"ADQUISICION DE ENTRADAS Y ALIMENTACION AL CINEMARK PARA ESTUDIANTES 5º, 7º Y 8º BASICO DE LA ESCUELA AGROECOLOGICA PICHIL. FONDOS SEP ",,I MUNICIPALIDAD DE OSORNO,,Publicada,2025-11-10,2025-11-12 19:16:00,,,,False,False
5,5615-1027-COT25,RECOLECTOR COMPATIBLE CON TRACTOR CORTA CESPED HUSQVARNA TS219TFM. SEGUN REQ DIDECO N°483,,I.Municipalidad de El Carmen,,Publicada,2025-11-11,2025-11-12 11:30:00,,,,False,False
5,2771-627-COT25,SOPI N°839 (ID 297655) ADQ. DE INSUMOS DE OFICINA SOLICITADOS POR DIDECO.,,I MUNICIPALIDAD DE CHIGUAYANTE,,Publicada,2025-11-11,2025-11-12 10:45:00,,,,False,False
5,2306-1386-COT25,"ADQUISICION DE POLERAS CORRIDA FAMILIAR INCLUSIVA AÑO 2025, ESC.ESPECIAL FONDOS DAEM",,I MUNICIPALIDAD DE OSORNO,,Publicada,2025-11-11,2025-11-14 08:00:00,,,,False,False
5,2306-1389-COT25," ADQUIERE SERVICIO DE CAMION Y GRUA HORQUILLA PARA TRASLADO DE TORNOS A LICEO INDUSTRIAL OSORNO, FONDOS DAEM.",,I MUNICIPALIDAD DE OSORNO,,Publicada,2025-11-11,2025-11-13 12:00:00,,,,False,False
5,3443-346-COT25,"ADQUISICIÓN DE INSUMOS PARA USUARIAS/OS DEL PROGRAMA PDTI, TOLDOS, MESAS PLEGABLES,  EXHIBIDORES DE ROPA, MANTELES Y CESTERIA PARA ACTIVIDAD CHARLA TEÓRICA PRÁCTICA EN COMERCIO",,I MUNICIPALIDAD DE PURRANQUE,,Publicada,2025-11-11,2025-11-13 15:00:00,,,,False,False
5,2291-1386-COT25,"NP Nº395 DIDECO, ADQUISICION DE TOLDOS",,I MUNICIPALIDAD DE TALCA,,Publicada,2025-11-11,2025-11-12 17:00:00,,,,False,False
5,2759-617-COT25,CURSO ALFABETIZACION SOLIC-816-DIDECO-MUJERES JEFAS DE HOGAR,,I MUNICIPALIDAD DE CORONEL,,Publicada,2025-11-11,2025-11-17 12:30:00,,,,False,False
5,2404-882-COT25,ADQ. MATERIALES DE FERRETERIA PARA ELECCIONES PRESIDENCIALES Y PARLAMENTARIAS 2025,,I MUNICIPALIDAD DE IQUIQUE,,Publicada,2025-11-11,2025-11-12 09:00:00,,,,False,False
5,2776-1211-COT25,"S.P. N°169595, DIDECO. CONTRATACION DE SERVICIO DE PRODUCCIO  INTEGRAL PARA LA REALIZACION DE TALLER DE PINTURA Y DIBUJO PARA EJEC. PROG. ""RENGO CULTURA EN MOVIMIENTO"" APROB. POR DEC. ALC. N°1892 DE 2",,I MUNICIPALIDAD DE RENGO,,Publicada,2025-11-11,2025-11-13 10:30:00,,,,False,False
5,2380-2826-COT25,OS 145207 ADQUISICION DE TORTA CLUB ADULTO MAYOR NUEVO RENACER DIDECO (MAP),,I MUNICIPALIDAD DE COPIAPO,,Publicada,2025-11-11,2025-11-12 11:00:00,,,,False,False
5,584146-193-COT25,ATENCIÓN JORNADA DE CAPACITACIÓN ,,I MUNICIPALIDAD DE PURRANQUE,,Publicada,2025-11-11,2025-11-12 15:30:00,,,,False,False
5,5742-293-COT25,"351-MATERIALES PARA EL DESARROLLO DEL TALLER DE JARDINERÍA, EN EL MARCO DEL PROYECTO OFICIO, PARA EL ESTABLECIMIENTO EDUCACIONAL CEIA PROFASOC, DE LA COMUNA DE RÍO BUENO.",,SEREMI de Educación de la Región de Los Ríos,,Publicada,2025-11-04,2025-11-12 16:58:00,,,,False,False
5,2281-2322-COT25,Adquisición Cajas plásticas - Programa Residencia Transitoria los Rios,,I MUNICIPALIDAD VALDIVIA,,Publicada,2025-11-11,2025-11-13 08:00:00,,,,False,False
5,2307-665-COT25,HABILITACIÓN TELESALUD CESFAM RAHUE ALTO (REQ. 3406) AAL,,I MUNICIPALIDAD DE OSORNO,,Publicada,2025-11-11,2025-11-14 10:00:00,,,,False,False
5,2594-897-COT25,COLACIONES PARA PERSONAS.  (OFICINA DIDECO).,,I MUNICIPALIDAD DE CONCON,,Publicada,2025-11-11,2025-11-13 08:00:00,,,,False,False
5,2432-1222-COT25,SOL875-DIDECO-IMPLEMENTOS DE ESTIMULACION-USUARIOS PRLAC,,I MUNICIPALIDAD ESTACION CENTRAL,,Publicada,2025-11-11,2025-11-13 09:00:00,,,,False,False
5,2436-1489-COT25,"ADQUISICIÓN DE MATERIALES DE FERRETERIA, NECESARIO PARA OFICINA DE SEÑALIZACIÓN",,I MUNICIPALIDAD DE CURICO,,Publicada,2025-11-11,2025-11-12 12:40:00,,,,False,False
5,3730-286-COT25,MATERIALES DE CONSTRUCCION						,,I MUNICIPALIDAD DE CHIMBARONGO,,Publicada,2025-11-11,2025-11-12 10:00:00,,,,False,False
5,2324-1379-COT25,ADQUISICION DE MATERIALES PARA REPARACION FACHADA MERCADO MUNICIPAL PRESIDENTE IBAÑEZ / DIRECCION DE OPERACIONES - DPTO. TECNICO,,I MUNICIPALIDAD DE PUERTO MONTT,,Publicada,2025-11-11,2025-11-14 09:00:00,,,,False,False
5,2450-878-COT25,ADQUISICIÒN DE PRODUCTOS DESECHABLES DE SUPERMERCADO (Dideco - Adulto Mayor) I. M. LA SERENA.,,I MUNICIPALIDAD DE LA SERENA,,Publicada,2025-11-11,2025-11-13 08:30:00,,,,False,False
5,2464-1638-COT25,"ADQUISICIÓN DE ALIMENTOS VARIOS, SEGÚN OP 4746/PROMO SALUD DIDECO.",,I MUNICIPALIDAD DE QUILLOTA,,Publicada,2025-11-11,2025-11-12 16:30:00,,,,False,False
5,2436-1491-COT25,"ADQUISICIÓN DE MATERIALES DE FERRETERIA, NECESARIO PARA OFICINA CALIDAD DEL SERVICIO",,I MUNICIPALIDAD DE CURICO,,Publicada,2025-11-11,2025-11-12 13:00:00,,,,False,False
5,3833-896-COT25,TONER-DIREC. DE TRANSITO,,I MUNICIPALIDAD DE RIO BUENO,,Publicada,2025-11-11,2025-11-13 11:00:00,,,,False,False
5,2759-631-COT25,SERVICIO DE PRODUCCION. SOL. 827/DIDECO.,,I MUNICIPALIDAD DE CORONEL,,Publicada,2025-11-11,2025-11-17 10:30:00,,,,False,False
5,2776-1208-COT25,"S.P. N°169788, DIDECO. CONTRATACION INTEGRAL PARA EJEC. PROG. ""3A FERIA EL ENCANTO DEL LIBRO, RENGO 2025"" APROB. POR DEC. ALC. N°1622 DE 15.09.2025, SEGÚN LO ESTABLECIDO EN LOS TERMINOS DE REQUERIMIEN",,I MUNICIPALIDAD DE RENGO,,Publicada,2025-11-11,2025-11-13 08:30:00,,,,False,False
5,2348-102-COT25,ADQUISICIÓN DE PINTURA EPÓXICA COLOR NARANJA,,I MUNICIPALIDAD DE PUNTA ARENAS,,Publicada,2025-11-11,2025-11-14 11:00:00,,,,False,False
5,2721-606-COT25,MATERIALES DE FERRETERIA APOYO FIBE 01.13.030471 Y 01.13.030472,,I MUNICIPALIDAD DE BUIN,,Publicada,2025-11-11,2025-11-12 17:00:00,,,,False,False
5,1736-1339-COT25,"Adquisición de insumos para mantención de recintos deportivos, según memorándum N°800/525 SC 1432 y N°800/526 sc 1433 de DIDECO. ",,I MUNICIPALIDAD DE LA COMUNA DE EL BOSQUE,,Publicada,2025-11-11,2025-11-12 16:30:00,,,,False,False
5,3000-1879-COT25,UTENSILIOS DE COCINA-PROGRAMA COMEDOR SOLIDARIO-DIDECO,,I MUNICIPALIDAD DE MONTEPATRIA,,Publicada,2025-11-07,2025-11-12 16:54:00,,,,False,False
5,5575-251-COT25,  RECOLECCION DE RESIDUOS SOLIDOS DOMICILIARIOS LOCALIDAD DE VILLA ORTEGA Y SECTOR MANO NEGRA,,I MUNICIPALIDAD DE COYHAIQUE,,Publicada,2025-11-11,2025-11-13 19:00:00,,,,False,False
5,1126922-2192-COT25,RBD 7872-22012 SEP PG02 Materiales e insumos deportivos Colegio Bicentenario Difusión Artistica Los Ulmos- Liceo Punta de Rieles comuna de Los Muermos,,SERVICIO LOCAL DE EDUCACION PUBLICA DE LLANQUIHUE,,Publicada,2025-11-11,2025-11-13 08:00:00,,,,False,False
5,1126922-2188-COT25,Compra de impresoras 3D para el Liceo chileno alemán de Frutillar,,SERVICIO LOCAL DE EDUCACION PUBLICA DE LLANQUIHUE,,Publicada,2025-11-11,2025-11-14 09:00:00,,,,False,False
5,2450-876-COT25,ADQUISICIÒN DE 60 BOLSAS DE COLACIONES SALUDABLES (Dideco - Adulto Mayor) I. M. LA SERENA.,,I MUNICIPALIDAD DE LA SERENA,,Publicada,2025-11-11,2025-11-13 08:30:00,,,,False,False
5,701426-335-COT25,ADQUISICIÓN DE MATERIALES DE FERRETERÍA PARA MANTENCIÓN DE RECINTOS DEPORTIVOS MUNICIPALES,,I MUNICIPALIDAD DE COLLIPULLI,,Publicada,2025-11-11,2025-11-13 11:23:00,,,,False,False
5,1126922-2186-COT25,SALIDA PEDAGÓGICA A PUYEHUE ESCUELA BASICA FRESIA,,SERVICIO LOCAL DE EDUCACION PUBLICA DE LLANQUIHUE,,Publicada,2025-11-11,2025-11-13 10:00:00,,,,False,False
5,5575-242-COT25,Servicio de ecografía veterinaria,,I MUNICIPALIDAD DE COYHAIQUE,,Publicada,2025-11-07,2025-11-15 05:47:00,,,,False,False
5,3853-501-COT25,Mantencion Preventiva de Equipos Críticos CESFAM Rio Bueno y Postas de Salud rural de acuerdo a especificaciones técnicas. Se requiere personal calificado en terreno e instrumentos certificados,,I MUNICIPALIDAD DE RIO BUENO,,Publicada,2025-11-11,2025-11-12 18:00:00,,,,False,False
5,2306-1390-COT25," ADQUISICION DE PROTOCOLOS DE BATERIA EVALUACION ESC.SUIZA,FONDOS PIE",,I MUNICIPALIDAD DE OSORNO,,Publicada,2025-11-11,2025-11-13 12:00:00,,,,False,False
5,1036-56-COT25,MOCHILA,,CORP NACIONAL FORESTAL,,Publicada,2025-11-11,2025-11-12 15:00:00,,,,False,False
5,2281-2327-COT25,COMPRA DE ALIMENTOS PARA IMPLEMENTACIÓN PROGRAMA CONTRA LA VIOLENCIA DE GÉNERO,,I MUNICIPALIDAD VALDIVIA,,Publicada,2025-11-11,2025-11-14 10:00:00,,,,False,False
5,3853-499-COT25,"Adquisición de templador para combustión marca Bosca modelo Gold 500, perteneciente a Posta Rural de Mantilhue",,I MUNICIPALIDAD DE RIO BUENO,,Publicada,2025-11-11,2025-11-12 16:10:00,,,,False,False
5,1126922-2170-COT25, RBD 7958 PG02 PRO-RETENCIÓN - ADQUISICIÓN DE VESTUARIO PARA ALUMNOS ESCUELA INÉS GALLARDO ALVARADO. COMUNA DE LLANQUIHUE.,,SERVICIO LOCAL DE EDUCACION PUBLICA DE LLANQUIHUE,,Publicada,2025-11-11,2025-11-12 15:00:00,,,,False,False
5,1126922-2176-COT25,ALMUERZO PARA SALIDA PEDAGÓGICA EN PTO MONTT - ESCUELA BASICA FRESIA,,SERVICIO LOCAL DE EDUCACION PUBLICA DE LLANQUIHUE,,Publicada,2025-11-11,2025-11-14 10:00:00,,,,False,False
5,2324-1377-COT25,"MATERIALES PARA REPOSICIÓN ELEMENTOS SANITARIOS Y COMPLEMENTARIOS EN DEPENDENCIAS DEL PROGRAMA CALLE (UBICACIÓN: DEBER CUMPLIDO), DEPTO. OBRAS MENORES, DIRECCIÓN DE OPERACIONES",,I MUNICIPALIDAD DE PUERTO MONTT,,Publicada,2025-11-11,2025-11-13 09:00:00,,,,False,False
5,2436-1485-COT25,"ADQUISICIÓN DE MATERIALES DE FERRETERIA, NECESARIO PARA TALLER DE ECONOMÍA CIRCULAR",,I MUNICIPALIDAD DE CURICO,,Publicada,2025-11-11,2025-11-12 12:30:00,,,,False,False
5,2904-220-COT25,Adquisición de Placa Recordaría – Municipalidad de Hualaihué,,I MUNICIPALIDAD DE HUALAIHUE,,Publicada,2025-11-11,2025-11-12 13:30:00,,,,False,False
5,2771-629-COT25,SOPI 827 DIDECO / SERVICIO DE PRODUCCIÓN DE EVENTOS FERIA LABORAL-OMIL 2025,,I MUNICIPALIDAD DE CHIGUAYANTE,,Publicada,2025-11-11,2025-11-13 11:00:00,,,,False,False
5,2324-1375-COT25,Adquisición de artículos de aseo para Programa ELEAM Alerce. Senama,,I MUNICIPALIDAD DE PUERTO MONTT,,Publicada,2025-11-11,2025-11-14 12:00:00,,,,False,False
5,3000-1897-COT25,INSUMOS ALIMENTOS-PROGRAMA CENTRO DIURNO CCR-DIDECO,,I MUNICIPALIDAD DE MONTEPATRIA,,Publicada,2025-11-11,2025-11-12 12:00:00,,,,False,False
5,2713-1212-COT25," DIDECO, TURISMO - solicitud folio 1351, arriendo de MINIBUS con capacidad minima  20 y maximo 30 personas.",,I MUNICIPALIDAD DE AYSEN,,Publicada,2025-11-11,2025-11-12 14:30:00,,,,False,False
5,4159-682-COT25,MATERIAL DE FERRETERÍA PARA TALLER DE ROBÓTICA DEL LICEO FEDERICO HEISE MARTI,,I MUNICIPALIDAD DE PARRAL,,Publicada,2025-11-11,2025-11-12 15:30:00,,,,False,False
5,2281-2288-COT25,MANTELES SPANDEX DISEÑO PERSONALIZADO - PROGRAMA GESTIÓN TERRITORIAL,,I MUNICIPALIDAD VALDIVIA,,Publicada,2025-11-06,2025-11-15 05:08:00,,,,False,False
5,1155683-181-COT25,Discos Duros Externos SSD 2 TB  PEE Conaf Ñuble (VCL),,CORP NACIONAL FORESTAL,,Publicada,2025-11-11,2025-11-13 10:00:00,,,,False,False
5,1035-117-COT25, Fardos de Alfalfa RNRC,,CORP NACIONAL FORESTAL,,Publicada,2025-11-11,2025-11-13 16:00:00,,,,False,False
5,4044-718-COT25,COMPRA DE PRODUCTOS PARA ACTIVIDAD MUNICIPAL NOERE 2025 - MONTO DE LA COMPRA INCLUYE FLETE PUESTO EN ISLA DE PASCUA - SOLICITA DIDECO,,I MUNICIPALIDAD DE ISLA DE PASCUA,,Publicada,2025-11-11,2025-11-13 06:00:00,,,,False,False
5,2495-629-COT25,Sitiales para Centro de las Mujeres,,I MUNICIPALIDAD DE COYHAIQUE,,Publicada,2025-11-11,2025-11-12 16:50:00,,,,False,False
5,1036-58-COT25,Electrobombas Periféricas 1 HP,,CORP NACIONAL FORESTAL,,Publicada,2025-11-11,2025-11-13 08:00:00,,,,False,False
5,612-253-COT25,Trampas PICUSAN,,SERVICIO AGRICOLA Y GANADERO,,Publicada,2025-11-11,2025-11-12 12:30:00,,,,False,False
5,1876-69-COT25,ARTICULOS DE FERRETERIA,,DEFENSORIA PENAL PUBLICA,,Publicada,2025-11-11,2025-11-13 11:00:00,,,,False,False
5,1155683-182-COT25,Compra azadones y palas para el PEE (RAS),,CORP NACIONAL FORESTAL,,Publicada,2025-11-11,2025-11-12 16:00:00,,,,False,False
5,2380-2835-COT25,"OS N°145125 - ADQUISICIÓN DE INSUMOS PARA ATENCION DE USUARIAS, TALLERES,CAPACITACIONES, PROG. MUJERES JEFA DE HOGAR - DIDECO (CTO)",,I MUNICIPALIDAD DE COPIAPO,,Publicada,2025-11-11,2025-11-12 17:45:00,,,,False,False
5,3708-331-COT25,Gira técnica usuarios PDTI SA N°U184,,I MUNICIPALIDAD DE PITRUFQUEN,,Publicada,2025-11-11,2025-11-12 11:00:00,,,,False,False
5,1126922-2183-COT25,"RBD 7959 PG02 SEP – SERVICIO DE TRASLADO PARA SALIDA PEDAGÓGICA ESCUELA BÁSICA GABRIELA MISTRAL, COMUNA DE LLANQUIHUE.",,SERVICIO LOCAL DE EDUCACION PUBLICA DE LLANQUIHUE,,Publicada,2025-11-11,2025-11-12 13:00:00,,,,False,False
5,1087-281-COT25,Materiales de aseo Faltantes y Reposición Picaflor Código BIP 40048435 SIC537 REF. 458,,CORP NACIONAL FORESTAL,,Publicada,2025-11-11,2025-11-13 13:00:00,,,,False,False
5,2404-881-COT25,ADQ DE PENDÓN DIDECO PROGRAMA DESARROLLO INCLUSIVO TERRITORIAL,,I MUNICIPALIDAD DE IQUIQUE,,Publicada,2025-11-11,2025-11-12 09:00:00,,,,False,False
5,5657-146-COT25,DVM SIC 394 Programador de riego para vivero,,CORP NACIONAL FORESTAL,,Publicada,2025-11-11,2025-11-12 09:40:00,,,,False,False
5,1126922-2187-COT25,RBD 22309-7872 SEP PG02 Materiales e insumos computacionales y Musicales  para Colegio Inglés Mabel Condemarín- Colegio Bicentenario Difusión Artística Los Ulmos,,SERVICIO LOCAL DE EDUCACION PUBLICA DE LLANQUIHUE,,Publicada,2025-11-11,2025-11-13 08:00:00,,,,False,False
5,1126922-2177-COT25,RBD 7872 GENERAL PG02 Materiales e insumos de aseo Colegio Bicentenario Difusión Artística Los Ulmos de la comuna de Los Muermos,,SERVICIO LOCAL DE EDUCACION PUBLICA DE LLANQUIHUE,,Publicada,2025-11-11,2025-11-13 08:00:00,,,,False,False
5,2307-658-COT25,INSUMOS CONVENIO PROG. APOYO A LAS BUENAS PRACTICAS (REQ.3317) CAO,,I MUNICIPALIDAD DE OSORNO,,Publicada,2025-11-06,2025-11-12 09:08:00,,,,False,False
5,3833-900-COT25,FRAZADAS-DEPTO. SOCIAL,,I MUNICIPALIDAD DE RIO BUENO,,Publicada,2025-11-11,2025-11-14 10:00:00,,,,False,False
5,2574-72-COT25,Se requiere  clase K ( acetato de potasio),,CORP NACIONAL FORESTAL,,Publicada,2025-11-11,2025-11-12 21:00:00,,,,False,False
5,2424-3451-COT25,KIT DE FERRETERÍA - P.147/6253 - (PMR),,I MUNICIPALIDAD DE VINA DEL MAR,,Publicada,2025-11-11,2025-11-12 16:00:00,,,,False,False
5,2495-626-COT25,Celular Centro de las Mujeres,,I MUNICIPALIDAD DE COYHAIQUE,,Publicada,2025-11-11,2025-11-12 16:00:00,,,,False,False
5,1126922-2179-COT25,"RBD 7958 PG02 SEP - SERVICIOS DE TRASLADOS + ENTRADAS PARA SALIDAS PEDAGÓGICAS DE ESCUELA INÉS GALLARDO ALVARADO, COMUNA DE LLANQUIHUE.",,SERVICIO LOCAL DE EDUCACION PUBLICA DE LLANQUIHUE,,Publicada,2025-11-11,2025-11-12 13:00:00,,,,False,False
5,2552-15-COT25,"Pilas alcalinas duracell doble A (AA) 1,5V para cámaras trampas se utilizan en diferentes actividades (acciones de conservación y monitoreos) realizados en la Reserva Nacional  Las Chimchilla SIC 62",,CORP NACIONAL FORESTAL,,Publicada,2025-11-11,2025-11-14 15:00:00,,,,False,False
5,2904-219-COT25,Adquisición de Carpa Diagonal – Municipalidad de Hualaihué ,,I MUNICIPALIDAD DE HUALAIHUE,,Publicada,2025-11-11,2025-11-12 13:30:00,,,,False,False
5,4548-751-COT25,DIDECO SOCIAL-ADQUISICION DE TOLDOS PLEGABLES PARA DIVERSAS ACTIVIDADES DE LA DIRECCION DE DESARROLLO COMUNITARIO,,I MUNICIPALIDAD DE QUINTERO,,Publicada,2025-11-11,2025-11-14 09:00:00,,,,False,False
5,748891-232-COT25,Materiales de construcción para mantención y reparación de estructuras de segregación de residuos. ,,I MUNICIPALIDAD DE CONCEPCION,,Publicada,2025-11-11,2025-11-12 15:00:00,,,,False,False
5,2332-1106-COT25,N° 6444 SUMINISTRO DE CONTENEDORES DE RESIDUOS PARA DEPARTAMENTO DE SALUD PUERTO MONTT,,I MUNICIPALIDAD DE PUERTO MONTT,,Publicada,2025-11-11,2025-11-13 09:00:00,,,,False,False
